timeStamp,elapsed,label,responseCode,responseMessage,threadName,dataType,success,failureMessage,bytes,sentBytes,grpThreads,allThreads,URL,Latency,IdleTime,Connect
1775999171797,756,HTTP Request 1,200,OK,config 1 1-1,text,true,,231,168,1,3,http://stload.se.ifmo.ru:8080/?token=518472196&&user=-1356113187&config=1,756,0,28
1775999173255,734,HTTP Request 1,200,OK,config 1 1-1,text,true,,231,168,1,3,http://stload.se.ifmo.ru:8080/?token=518472196&&user=-1356113187&config=1,734,0,0
1775999174754,723,HTTP Request 1,200,OK,config 1 1-1,text,true,,231,168,2,6,http://stload.se.ifmo.ru:8080/?token=518472196&&user=-1356113187&config=1,723,0,0
1775999175068,898,HTTP Request 1,200,OK,config 1 1-2,text,false,"The operation lasted too long: It took 898 milliseconds, but should not have lasted longer than 840 milliseconds.",231,168,2,6,http://stload.se.ifmo.ru:8080/?token=518472196&&user=-1356113187&config=1,898,0,98
1775999176254,726,HTTP Request 1,200,OK,config 1 1-1,text,true,,231,168,2,6,http://stload.se.ifmo.ru:8080/?token=518472196&&user=-1356113187&config=1,726,0,0
1775999176567,727,HTTP Request 1,200,OK,config 1 1-2,text,true,,231,168,2,6,http://stload.se.ifmo.ru:8080/?token=518472196&&user=-1356113187&config=1,727,0,0
1775999177754,757,HTTP Request 1,200,OK,config 1 1-1,text,true,,231,168,3,9,http://stload.se.ifmo.ru:8080/?token=518472196&&user=-1356113187&config=1,757,0,0
1775999178068,742,HTTP Request 1,200,OK,config 1 1-2,text,true,,231,168,3,9,http://stload.se.ifmo.ru:8080/?token=518472196&&user=-1356113187&config=1,742,0,0
1775999178399,808,HTTP Request 1,200,OK,config 1 1-3,text,true,,231,168,3,9,http://stload.se.ifmo.ru:8080/?token=518472196&&user=-1356113187&config=1,808,0,56
1775999179255,753,HTTP Request 1,200,OK,config 1 1-1,text,true,,231,168,3,9,http://stload.se.ifmo.ru:8080/?token=518472196&&user=-1356113187&config=1,753,0,0
1775999179567,754,HTTP Request 1,200,OK,config 1 1-2,text,true,,231,168,3,9,http://stload.se.ifmo.ru:8080/?token=518472196&&user=-1356113187&config=1,754,0,0
1775999179899,745,HTTP Request 1,200,OK,config 1 1-3,text,true,,231,168,3,9,http://stload.se.ifmo.ru:8080/?token=518472196&&user=-1356113187&config=1,745,0,0
1775999180755,765,HTTP Request 1,200,OK,config 1 1-1,text,true,,231,168,3,9,http://stload.se.ifmo.ru:8080/?token=518472196&&user=-1356113187&config=1,765,0,0
1775999181067,790,HTTP Request 1,200,OK,config 1 1-2,text,true,,231,168,4,12,http://stload.se.ifmo.ru:8080/?token=518472196&&user=-1356113187&config=1,790,0,0
1775999181399,756,HTTP Request 1,200,OK,config 1 1-3,text,true,,231,168,4,12,http://stload.se.ifmo.ru:8080/?token=518472196&&user=-1356113187&config=1,756,0,0
1775999181731,783,HTTP Request 1,200,OK,config 1 1-4,text,true,,231,168,4,12,http://stload.se.ifmo.ru:8080/?token=518472196&&user=-1356113187&config=1,783,0,17
1775999182254,760,HTTP Request 1,200,OK,config 1 1-1,text,true,,231,168,4,12,http://stload.se.ifmo.ru:8080/?token=518472196&&user=-1356113187&config=1,760,0,0
1775999182568,768,HTTP Request 1,200,OK,config 1 1-2,text,true,,231,168,4,12,http://stload.se.ifmo.ru:8080/?token=518472196&&user=-1356113187&config=1,768,0,0
1775999182900,770,HTTP Request 1,200,OK,config 1 1-3,text,true,,231,168,4,12,http://stload.se.ifmo.ru:8080/?token=518472196&&user=-1356113187&config=1,769,0,0
1775999183231,772,HTTP Request 1,200,OK,config 1 1-4,text,true,,231,168,4,12,http://stload.se.ifmo.ru:8080/?token=518472196&&user=-1356113187&config=1,772,0,0
1775999183754,779,HTTP Request 1,200,OK,config 1 1-1,text,true,,231,168,4,12,http://stload.se.ifmo.ru:8080/?token=518472196&&user=-1356113187&config=1,778,0,0
1775999184067,826,HTTP Request 1,200,OK,config 1 1-2,text,true,,231,168,4,12,http://stload.se.ifmo.ru:8080/?token=518472196&&user=-1356113187&config=1,826,0,0
1775999184399,802,HTTP Request 1,200,OK,config 1 1-3,text,true,,231,168,5,15,http://stload.se.ifmo.ru:8080/?token=518472196&&user=-1356113187&config=1,802,0,0
1775999184732,789,HTTP Request 1,200,OK,config 1 1-4,text,true,,231,168,5,15,http://stload.se.ifmo.ru:8080/?token=518472196&&user=-1356113187&config=1,789,0,0
1775999185065,799,HTTP Request 1,200,OK,config 1 1-5,text,true,,231,168,5,15,http://stload.se.ifmo.ru:8080/?token=518472196&&user=-1356113187&config=1,799,0,14
1775999185254,783,HTTP Request 1,200,OK,config 1 1-1,text,true,,231,168,5,15,http://stload.se.ifmo.ru:8080/?token=518472196&&user=-1356113187&config=1,783,0,0
1775999185568,783,HTTP Request 1,200,OK,config 1 1-2,text,true,,231,168,5,15,http://stload.se.ifmo.ru:8080/?token=518472196&&user=-1356113187&config=1,783,0,0
1775999185900,800,HTTP Request 1,200,OK,config 1 1-3,text,true,,231,168,5,15,http://stload.se.ifmo.ru:8080/?token=518472196&&user=-1356113187&config=1,800,0,0
1775999186232,781,HTTP Request 1,200,OK,config 1 1-4,text,true,,231,168,5,15,http://stload.se.ifmo.ru:8080/?token=518472196&&user=-1356113187&config=1,781,0,0
1775999186567,781,HTTP Request 1,200,OK,config 1 1-5,text,true,,231,168,5,15,http://stload.se.ifmo.ru:8080/?token=518472196&&user=-1356113187&config=1,781,0,0
1775999186754,800,HTTP Request 1,200,OK,config 1 1-1,text,true,,231,168,5,15,http://stload.se.ifmo.ru:8080/?token=518472196&&user=-1356113187&config=1,800,0,0
1775999187068,947,HTTP Request 1,200,OK,config 1 1-2,text,false,"The operation lasted too long: It took 947 milliseconds, but should not have lasted longer than 840 milliseconds.",231,168,5,15,http://stload.se.ifmo.ru:8080/?token=518472196&&user=-1356113187&config=1,947,0,0
1775999187399,838,HTTP Request 1,200,OK,config 1 1-3,text,true,,231,168,5,15,http://stload.se.ifmo.ru:8080/?token=518472196&&user=-1356113187&config=1,838,0,0
1775999187732,818,HTTP Request 1,200,OK,config 1 1-4,text,true,,231,168,6,18,http://stload.se.ifmo.ru:8080/?token=518472196&&user=-1356113187&config=1,818,0,0
1775999188065,832,HTTP Request 1,200,OK,config 1 1-5,text,true,,231,168,6,18,http://stload.se.ifmo.ru:8080/?token=518472196&&user=-1356113187&config=1,832,0,0
1775999188254,874,HTTP Request 1,200,OK,config 1 1-1,text,false,"The operation lasted too long: It took 874 milliseconds, but should not have lasted longer than 840 milliseconds.",231,168,6,18,http://stload.se.ifmo.ru:8080/?token=518472196&&user=-1356113187&config=1,874,0,0
1775999188399,907,HTTP Request 1,200,OK,config 1 1-6,text,false,"The operation lasted too long: It took 907 milliseconds, but should not have lasted longer than 840 milliseconds.",231,168,6,18,http://stload.se.ifmo.ru:8080/?token=518472196&&user=-1356113187&config=1,906,0,55
1775999188567,829,HTTP Request 1,200,OK,config 1 1-2,text,true,,231,168,6,18,http://stload.se.ifmo.ru:8080/?token=518472196&&user=-1356113187&config=1,829,0,0
1775999188900,808,HTTP Request 1,200,OK,config 1 1-3,text,true,,231,168,6,18,http://stload.se.ifmo.ru:8080/?token=518472196&&user=-1356113187&config=1,808,0,0
1775999189232,838,HTTP Request 1,200,OK,config 1 1-4,text,true,,231,168,6,18,http://stload.se.ifmo.ru:8080/?token=518472196&&user=-1356113187&config=1,838,0,0
1775999189565,813,HTTP Request 1,200,OK,config 1 1-5,text,true,,231,168,6,18,http://stload.se.ifmo.ru:8080/?token=518472196&&user=-1356113187&config=1,813,0,0
1775999189755,824,HTTP Request 1,200,OK,config 1 1-1,text,true,,231,168,6,18,http://stload.se.ifmo.ru:8080/?token=518472196&&user=-1356113187&config=1,824,0,0
1775999189898,835,HTTP Request 1,200,OK,config 1 1-6,text,true,,231,168,6,18,http://stload.se.ifmo.ru:8080/?token=518472196&&user=-1356113187&config=1,835,0,0
1775999190067,814,HTTP Request 1,200,OK,config 1 1-2,text,true,,231,168,6,18,http://stload.se.ifmo.ru:8080/?token=518472196&&user=-1356113187&config=1,814,0,0
1775999190400,863,HTTP Request 1,200,OK,config 1 1-3,text,false,"The operation lasted too long: It took 863 milliseconds, but should not have lasted longer than 840 milliseconds.",231,168,6,18,http://stload.se.ifmo.ru:8080/?token=518472196&&user=-1356113187&config=1,863,0,0
1775999190731,816,HTTP Request 1,200,OK,config 1 1-4,text,true,,231,168,6,18,http://stload.se.ifmo.ru:8080/?token=518472196&&user=-1356113187&config=1,816,0,0
1775999191066,831,HTTP Request 1,200,OK,config 1 1-5,text,true,,231,168,6,18,http://stload.se.ifmo.ru:8080/?token=518472196&&user=-1356113187&config=1,831,0,0
1775999191254,824,HTTP Request 1,200,OK,config 1 1-1,text,true,,231,168,6,18,http://stload.se.ifmo.ru:8080/?token=518472196&&user=-1356113187&config=1,824,0,0
1775999191398,842,HTTP Request 1,200,OK,config 1 1-6,text,false,"The operation lasted too long: It took 842 milliseconds, but should not have lasted longer than 840 milliseconds.",231,168,6,18,http://stload.se.ifmo.ru:8080/?token=518472196&&user=-1356113187&config=1,842,0,0
1775999191567,861,HTTP Request 1,200,OK,config 1 1-2,text,false,"The operation lasted too long: It took 861 milliseconds, but should not have lasted longer than 840 milliseconds.",231,168,6,18,http://stload.se.ifmo.ru:8080/?token=518472196&&user=-1356113187&config=1,861,0,0
1775999191899,904,HTTP Request 1,200,OK,config 1 1-3,text,false,"The operation lasted too long: It took 904 milliseconds, but should not have lasted longer than 840 milliseconds.",231,168,6,18,http://stload.se.ifmo.ru:8080/?token=518472196&&user=-1356113187&config=1,904,0,0
1775999192231,833,HTTP Request 1,200,OK,config 1 1-4,text,true,,231,168,6,18,http://stload.se.ifmo.ru:8080/?token=518472196&&user=-1356113187&config=1,833,0,0
1775999192565,834,HTTP Request 1,200,OK,config 1 1-5,text,true,,231,168,6,18,http://stload.se.ifmo.ru:8080/?token=518472196&&user=-1356113187&config=1,834,0,0
1775999192755,841,HTTP Request 1,200,OK,config 1 1-1,text,false,"The operation lasted too long: It took 841 milliseconds, but should not have lasted longer than 840 milliseconds.",231,168,6,18,http://stload.se.ifmo.ru:8080/?token=518472196&&user=-1356113187&config=1,841,0,0
1775999192898,843,HTTP Request 1,200,OK,config 1 1-6,text,false,"The operation lasted too long: It took 843 milliseconds, but should not have lasted longer than 840 milliseconds.",231,168,6,18,http://stload.se.ifmo.ru:8080/?token=518472196&&user=-1356113187&config=1,843,0,0
1775999193067,880,HTTP Request 1,200,OK,config 1 1-2,text,false,"The operation lasted too long: It took 880 milliseconds, but should not have lasted longer than 840 milliseconds.",231,168,6,18,http://stload.se.ifmo.ru:8080/?token=518472196&&user=-1356113187&config=1,880,0,0
1775999193399,887,HTTP Request 1,200,OK,config 1 1-3,text,false,"The operation lasted too long: It took 887 milliseconds, but should not have lasted longer than 840 milliseconds.",231,168,6,18,http://stload.se.ifmo.ru:8080/?token=518472196&&user=-1356113187&config=1,887,0,0
1775999193731,830,HTTP Request 1,200,OK,config 1 1-4,text,true,,231,168,6,18,http://stload.se.ifmo.ru:8080/?token=518472196&&user=-1356113187&config=1,830,0,0
1775999194065,861,HTTP Request 1,200,OK,config 1 1-5,text,false,"The operation lasted too long: It took 861 milliseconds, but should not have lasted longer than 840 milliseconds.",231,168,6,18,http://stload.se.ifmo.ru:8080/?token=518472196&&user=-1356113187&config=1,861,0,0
1775999194254,853,HTTP Request 1,200,OK,config 1 1-1,text,false,"The operation lasted too long: It took 853 milliseconds, but should not have lasted longer than 840 milliseconds.",231,168,6,18,http://stload.se.ifmo.ru:8080/?token=518472196&&user=-1356113187&config=1,853,0,0
1775999194399,834,HTTP Request 1,200,OK,config 1 1-6,text,true,,231,168,6,18,http://stload.se.ifmo.ru:8080/?token=518472196&&user=-1356113187&config=1,834,0,0
1775999194567,888,HTTP Request 1,200,OK,config 1 1-2,text,false,"The operation lasted too long: It took 888 milliseconds, but should not have lasted longer than 840 milliseconds.",231,168,6,18,http://stload.se.ifmo.ru:8080/?token=518472196&&user=-1356113187&config=1,888,0,0
1775999194900,850,HTTP Request 1,200,OK,config 1 1-3,text,false,"The operation lasted too long: It took 850 milliseconds, but should not have lasted longer than 840 milliseconds.",231,168,6,18,http://stload.se.ifmo.ru:8080/?token=518472196&&user=-1356113187&config=1,850,0,0
1775999195231,834,HTTP Request 1,200,OK,config 1 1-4,text,true,,231,168,6,18,http://stload.se.ifmo.ru:8080/?token=518472196&&user=-1356113187&config=1,834,0,0
1775999195566,916,HTTP Request 1,200,OK,config 1 1-5,text,false,"The operation lasted too long: It took 916 milliseconds, but should not have lasted longer than 840 milliseconds.",231,168,6,18,http://stload.se.ifmo.ru:8080/?token=518472196&&user=-1356113187&config=1,916,0,0
1775999195754,916,HTTP Request 1,200,OK,config 1 1-1,text,false,"The operation lasted too long: It took 916 milliseconds, but should not have lasted longer than 840 milliseconds.",231,168,6,18,http://stload.se.ifmo.ru:8080/?token=518472196&&user=-1356113187&config=1,916,0,0
1775999195898,839,HTTP Request 1,200,OK,config 1 1-6,text,true,,231,168,6,18,http://stload.se.ifmo.ru:8080/?token=518472196&&user=-1356113187&config=1,839,0,0
1775999196068,893,HTTP Request 1,200,OK,config 1 1-2,text,false,"The operation lasted too long: It took 893 milliseconds, but should not have lasted longer than 840 milliseconds.",231,168,6,18,http://stload.se.ifmo.ru:8080/?token=518472196&&user=-1356113187&config=1,893,0,0
1775999196400,852,HTTP Request 1,200,OK,config 1 1-3,text,false,"The operation lasted too long: It took 852 milliseconds, but should not have lasted longer than 840 milliseconds.",231,168,6,18,http://stload.se.ifmo.ru:8080/?token=518472196&&user=-1356113187&config=1,852,0,0
1775999196731,840,HTTP Request 1,200,OK,config 1 1-4,text,true,,231,168,6,18,http://stload.se.ifmo.ru:8080/?token=518472196&&user=-1356113187&config=1,840,0,0
1775999197066,923,HTTP Request 1,200,OK,config 1 1-5,text,false,"The operation lasted too long: It took 923 milliseconds, but should not have lasted longer than 840 milliseconds.",231,168,6,18,http://stload.se.ifmo.ru:8080/?token=518472196&&user=-1356113187&config=1,923,0,0
1775999197254,909,HTTP Request 1,200,OK,config 1 1-1,text,false,"The operation lasted too long: It took 909 milliseconds, but should not have lasted longer than 840 milliseconds.",231,168,6,18,http://stload.se.ifmo.ru:8080/?token=518472196&&user=-1356113187&config=1,909,0,0
1775999197399,842,HTTP Request 1,200,OK,config 1 1-6,text,false,"The operation lasted too long: It took 842 milliseconds, but should not have lasted longer than 840 milliseconds.",231,168,6,18,http://stload.se.ifmo.ru:8080/?token=518472196&&user=-1356113187&config=1,842,0,0
1775999197568,845,HTTP Request 1,200,OK,config 1 1-2,text,false,"The operation lasted too long: It took 845 milliseconds, but should not have lasted longer than 840 milliseconds.",231,168,6,18,http://stload.se.ifmo.ru:8080/?token=518472196&&user=-1356113187&config=1,845,0,0
1775999197900,866,HTTP Request 1,200,OK,config 1 1-3,text,false,"The operation lasted too long: It took 866 milliseconds, but should not have lasted longer than 840 milliseconds.",231,168,6,18,http://stload.se.ifmo.ru:8080/?token=518472196&&user=-1356113187&config=1,866,0,0
1775999198232,853,HTTP Request 1,200,OK,config 1 1-4,text,false,"The operation lasted too long: It took 853 milliseconds, but should not have lasted longer than 840 milliseconds.",231,168,6,18,http://stload.se.ifmo.ru:8080/?token=518472196&&user=-1356113187&config=1,853,0,0
1775999198565,870,HTTP Request 1,200,OK,config 1 1-5,text,false,"The operation lasted too long: It took 870 milliseconds, but should not have lasted longer than 840 milliseconds.",231,168,6,18,http://stload.se.ifmo.ru:8080/?token=518472196&&user=-1356113187&config=1,870,0,0
1775999198755,895,HTTP Request 1,200,OK,config 1 1-1,text,false,"The operation lasted too long: It took 895 milliseconds, but should not have lasted longer than 840 milliseconds.",231,168,6,18,http://stload.se.ifmo.ru:8080/?token=518472196&&user=-1356113187&config=1,894,0,0
1775999198898,896,HTTP Request 1,200,OK,config 1 1-6,text,false,"The operation lasted too long: It took 896 milliseconds, but should not have lasted longer than 840 milliseconds.",231,168,6,18,http://stload.se.ifmo.ru:8080/?token=518472196&&user=-1356113187&config=1,896,0,0
1775999199067,862,HTTP Request 1,200,OK,config 1 1-2,text,false,"The operation lasted too long: It took 862 milliseconds, but should not have lasted longer than 840 milliseconds.",231,168,6,18,http://stload.se.ifmo.ru:8080/?token=518472196&&user=-1356113187&config=1,862,0,0
1775999199399,880,HTTP Request 1,200,OK,config 1 1-3,text,false,"The operation lasted too long: It took 880 milliseconds, but should not have lasted longer than 840 milliseconds.",231,168,6,18,http://stload.se.ifmo.ru:8080/?token=518472196&&user=-1356113187&config=1,880,0,0
1775999199731,911,HTTP Request 1,200,OK,config 1 1-4,text,false,"The operation lasted too long: It took 911 milliseconds, but should not have lasted longer than 840 milliseconds.",231,168,6,18,http://stload.se.ifmo.ru:8080/?token=518472196&&user=-1356113187&config=1,911,0,0
1775999200065,850,HTTP Request 1,200,OK,config 1 1-5,text,false,"The operation lasted too long: It took 850 milliseconds, but should not have lasted longer than 840 milliseconds.",231,168,6,18,http://stload.se.ifmo.ru:8080/?token=518472196&&user=-1356113187&config=1,849,0,0
1775999200254,863,HTTP Request 1,200,OK,config 1 1-1,text,false,"The operation lasted too long: It took 863 milliseconds, but should not have lasted longer than 840 milliseconds.",231,168,6,18,http://stload.se.ifmo.ru:8080/?token=518472196&&user=-1356113187&config=1,863,0,0
1775999200399,842,HTTP Request 1,200,OK,config 1 1-6,text,false,"The operation lasted too long: It took 842 milliseconds, but should not have lasted longer than 840 milliseconds.",231,168,6,18,http://stload.se.ifmo.ru:8080/?token=518472196&&user=-1356113187&config=1,842,0,0
1775999200568,881,HTTP Request 1,200,OK,config 1 1-2,text,false,"The operation lasted too long: It took 881 milliseconds, but should not have lasted longer than 840 milliseconds.",231,168,6,18,http://stload.se.ifmo.ru:8080/?token=518472196&&user=-1356113187&config=1,881,0,0
1775999200900,857,HTTP Request 1,200,OK,config 1 1-3,text,false,"The operation lasted too long: It took 857 milliseconds, but should not have lasted longer than 840 milliseconds.",231,168,6,18,http://stload.se.ifmo.ru:8080/?token=518472196&&user=-1356113187&config=1,857,0,0
1775999201231,858,HTTP Request 1,200,OK,config 1 1-4,text,false,"The operation lasted too long: It took 858 milliseconds, but should not have lasted longer than 840 milliseconds.",231,168,6,18,http://stload.se.ifmo.ru:8080/?token=518472196&&user=-1356113187&config=1,858,0,0
1775999201566,893,HTTP Request 1,200,OK,config 1 1-5,text,false,"The operation lasted too long: It took 893 milliseconds, but should not have lasted longer than 840 milliseconds.",231,168,6,18,http://stload.se.ifmo.ru:8080/?token=518472196&&user=-1356113187&config=1,893,0,0
1775999201754,845,HTTP Request 1,200,OK,config 1 1-1,text,false,"The operation lasted too long: It took 845 milliseconds, but should not have lasted longer than 840 milliseconds.",231,168,6,18,http://stload.se.ifmo.ru:8080/?token=518472196&&user=-1356113187&config=1,845,0,0
1775999201898,954,HTTP Request 1,200,OK,config 1 1-6,text,false,"The operation lasted too long: It took 954 milliseconds, but should not have lasted longer than 840 milliseconds.",231,168,6,18,http://stload.se.ifmo.ru:8080/?token=518472196&&user=-1356113187&config=1,954,0,0
1775999202067,866,HTTP Request 1,200,OK,config 1 1-2,text,false,"The operation lasted too long: It took 866 milliseconds, but should not have lasted longer than 840 milliseconds.",231,168,6,18,http://stload.se.ifmo.ru:8080/?token=518472196&&user=-1356113187&config=1,866,0,0
1775999202399,847,HTTP Request 1,200,OK,config 1 1-3,text,false,"The operation lasted too long: It took 847 milliseconds, but should not have lasted longer than 840 milliseconds.",231,168,6,18,http://stload.se.ifmo.ru:8080/?token=518472196&&user=-1356113187&config=1,847,0,0
1775999202732,843,HTTP Request 1,200,OK,config 1 1-4,text,false,"The operation lasted too long: It took 843 milliseconds, but should not have lasted longer than 840 milliseconds.",231,168,6,18,http://stload.se.ifmo.ru:8080/?token=518472196&&user=-1356113187&config=1,843,0,0
1775999203065,848,HTTP Request 1,200,OK,config 1 1-5,text,false,"The operation lasted too long: It took 848 milliseconds, but should not have lasted longer than 840 milliseconds.",231,168,6,18,http://stload.se.ifmo.ru:8080/?token=518472196&&user=-1356113187&config=1,848,0,0
1775999203255,899,HTTP Request 1,200,OK,config 1 1-1,text,false,"The operation lasted too long: It took 899 milliseconds, but should not have lasted longer than 840 milliseconds.",231,168,6,18,http://stload.se.ifmo.ru:8080/?token=518472196&&user=-1356113187&config=1,899,0,0
1775999203398,852,HTTP Request 1,200,OK,config 1 1-6,text,false,"The operation lasted too long: It took 852 milliseconds, but should not have lasted longer than 840 milliseconds.",231,168,6,18,http://stload.se.ifmo.ru:8080/?token=518472196&&user=-1356113187&config=1,852,0,0
1775999203568,849,HTTP Request 1,200,OK,config 1 1-2,text,false,"The operation lasted too long: It took 849 milliseconds, but should not have lasted longer than 840 milliseconds.",231,168,6,18,http://stload.se.ifmo.ru:8080/?token=518472196&&user=-1356113187&config=1,849,0,0
1775999203900,857,HTTP Request 1,200,OK,config 1 1-3,text,false,"The operation lasted too long: It took 857 milliseconds, but should not have lasted longer than 840 milliseconds.",231,168,6,18,http://stload.se.ifmo.ru:8080/?token=518472196&&user=-1356113187&config=1,857,0,0
1775999204232,865,HTTP Request 1,200,OK,config 1 1-4,text,false,"The operation lasted too long: It took 865 milliseconds, but should not have lasted longer than 840 milliseconds.",231,168,6,18,http://stload.se.ifmo.ru:8080/?token=518472196&&user=-1356113187&config=1,865,0,0
1775999204565,927,HTTP Request 1,200,OK,config 1 1-5,text,false,"The operation lasted too long: It took 927 milliseconds, but should not have lasted longer than 840 milliseconds.",231,168,6,18,http://stload.se.ifmo.ru:8080/?token=518472196&&user=-1356113187&config=1,927,0,0
1775999204754,875,HTTP Request 1,200,OK,config 1 1-1,text,false,"The operation lasted too long: It took 875 milliseconds, but should not have lasted longer than 840 milliseconds.",231,168,6,18,http://stload.se.ifmo.ru:8080/?token=518472196&&user=-1356113187&config=1,875,0,0
1775999204898,885,HTTP Request 1,200,OK,config 1 1-6,text,false,"The operation lasted too long: It took 885 milliseconds, but should not have lasted longer than 840 milliseconds.",231,168,6,18,http://stload.se.ifmo.ru:8080/?token=518472196&&user=-1356113187&config=1,885,0,0
1775999205067,843,HTTP Request 1,200,OK,config 1 1-2,text,false,"The operation lasted too long: It took 843 milliseconds, but should not have lasted longer than 840 milliseconds.",231,168,6,18,http://stload.se.ifmo.ru:8080/?token=518472196&&user=-1356113187&config=1,843,0,0
1775999205399,843,HTTP Request 1,200,OK,config 1 1-3,text,false,"The operation lasted too long: It took 843 milliseconds, but should not have lasted longer than 840 milliseconds.",231,168,6,18,http://stload.se.ifmo.ru:8080/?token=518472196&&user=-1356113187&config=1,843,0,0
1775999205731,896,HTTP Request 1,200,OK,config 1 1-4,text,false,"The operation lasted too long: It took 896 milliseconds, but should not have lasted longer than 840 milliseconds.",231,168,6,18,http://stload.se.ifmo.ru:8080/?token=518472196&&user=-1356113187&config=1,896,0,0
1775999206065,924,HTTP Request 1,200,OK,config 1 1-5,text,false,"The operation lasted too long: It took 924 milliseconds, but should not have lasted longer than 840 milliseconds.",231,168,6,18,http://stload.se.ifmo.ru:8080/?token=518472196&&user=-1356113187&config=1,924,0,0
1775999206255,878,HTTP Request 1,200,OK,config 1 1-1,text,false,"The operation lasted too long: It took 878 milliseconds, but should not have lasted longer than 840 milliseconds.",231,168,6,18,http://stload.se.ifmo.ru:8080/?token=518472196&&user=-1356113187&config=1,878,0,0
1775999206398,847,HTTP Request 1,200,OK,config 1 1-6,text,false,"The operation lasted too long: It took 847 milliseconds, but should not have lasted longer than 840 milliseconds.",231,168,6,18,http://stload.se.ifmo.ru:8080/?token=518472196&&user=-1356113187&config=1,847,0,0
1775999206567,924,HTTP Request 1,200,OK,config 1 1-2,text,false,"The operation lasted too long: It took 924 milliseconds, but should not have lasted longer than 840 milliseconds.",231,168,6,18,http://stload.se.ifmo.ru:8080/?token=518472196&&user=-1356113187&config=1,924,0,0
1775999206899,868,HTTP Request 1,200,OK,config 1 1-3,text,false,"The operation lasted too long: It took 868 milliseconds, but should not have lasted longer than 840 milliseconds.",231,168,6,18,http://stload.se.ifmo.ru:8080/?token=518472196&&user=-1356113187&config=1,868,0,0
1775999207231,873,HTTP Request 1,200,OK,config 1 1-4,text,false,"The operation lasted too long: It took 873 milliseconds, but should not have lasted longer than 840 milliseconds.",231,168,6,18,http://stload.se.ifmo.ru:8080/?token=518472196&&user=-1356113187&config=1,873,0,0
1775999207565,841,HTTP Request 1,200,OK,config 1 1-5,text,false,"The operation lasted too long: It took 841 milliseconds, but should not have lasted longer than 840 milliseconds.",231,168,6,18,http://stload.se.ifmo.ru:8080/?token=518472196&&user=-1356113187&config=1,840,0,0
1775999207754,855,HTTP Request 1,200,OK,config 1 1-1,text,false,"The operation lasted too long: It took 855 milliseconds, but should not have lasted longer than 840 milliseconds.",231,168,6,18,http://stload.se.ifmo.ru:8080/?token=518472196&&user=-1356113187&config=1,855,0,0
1775999207898,931,HTTP Request 1,200,OK,config 1 1-6,text,false,"The operation lasted too long: It took 931 milliseconds, but should not have lasted longer than 840 milliseconds.",231,168,6,18,http://stload.se.ifmo.ru:8080/?token=518472196&&user=-1356113187&config=1,931,0,0
1775999208067,880,HTTP Request 1,200,OK,config 1 1-2,text,false,"The operation lasted too long: It took 880 milliseconds, but should not have lasted longer than 840 milliseconds.",231,168,6,18,http://stload.se.ifmo.ru:8080/?token=518472196&&user=-1356113187&config=1,880,0,0
1775999208399,853,HTTP Request 1,200,OK,config 1 1-3,text,false,"The operation lasted too long: It took 853 milliseconds, but should not have lasted longer than 840 milliseconds.",231,168,6,18,http://stload.se.ifmo.ru:8080/?token=518472196&&user=-1356113187&config=1,853,0,0
1775999208732,842,HTTP Request 1,200,OK,config 1 1-4,text,false,"The operation lasted too long: It took 842 milliseconds, but should not have lasted longer than 840 milliseconds.",231,168,6,18,http://stload.se.ifmo.ru:8080/?token=518472196&&user=-1356113187&config=1,842,0,0
1775999209065,883,HTTP Request 1,200,OK,config 1 1-5,text,false,"The operation lasted too long: It took 883 milliseconds, but should not have lasted longer than 840 milliseconds.",231,168,6,18,http://stload.se.ifmo.ru:8080/?token=518472196&&user=-1356113187&config=1,883,0,0
1775999209255,896,HTTP Request 1,200,OK,config 1 1-1,text,false,"The operation lasted too long: It took 896 milliseconds, but should not have lasted longer than 840 milliseconds.",231,168,6,18,http://stload.se.ifmo.ru:8080/?token=518472196&&user=-1356113187&config=1,896,0,0
1775999209399,889,HTTP Request 1,200,OK,config 1 1-6,text,false,"The operation lasted too long: It took 889 milliseconds, but should not have lasted longer than 840 milliseconds.",231,168,6,18,http://stload.se.ifmo.ru:8080/?token=518472196&&user=-1356113187&config=1,889,0,0
1775999209567,852,HTTP Request 1,200,OK,config 1 1-2,text,false,"The operation lasted too long: It took 852 milliseconds, but should not have lasted longer than 840 milliseconds.",231,168,6,18,http://stload.se.ifmo.ru:8080/?token=518472196&&user=-1356113187&config=1,852,0,0
1775999209899,892,HTTP Request 1,200,OK,config 1 1-3,text,false,"The operation lasted too long: It took 892 milliseconds, but should not have lasted longer than 840 milliseconds.",231,168,6,18,http://stload.se.ifmo.ru:8080/?token=518472196&&user=-1356113187&config=1,892,0,0
1775999210232,889,HTTP Request 1,200,OK,config 1 1-4,text,false,"The operation lasted too long: It took 889 milliseconds, but should not have lasted longer than 840 milliseconds.",231,168,6,18,http://stload.se.ifmo.ru:8080/?token=518472196&&user=-1356113187&config=1,889,0,0
1775999210565,853,HTTP Request 1,200,OK,config 1 1-5,text,false,"The operation lasted too long: It took 853 milliseconds, but should not have lasted longer than 840 milliseconds.",231,168,6,18,http://stload.se.ifmo.ru:8080/?token=518472196&&user=-1356113187&config=1,853,0,0
1775999210754,865,HTTP Request 1,200,OK,config 1 1-1,text,false,"The operation lasted too long: It took 865 milliseconds, but should not have lasted longer than 840 milliseconds.",231,168,6,18,http://stload.se.ifmo.ru:8080/?token=518472196&&user=-1356113187&config=1,865,0,0
1775999210898,843,HTTP Request 1,200,OK,config 1 1-6,text,false,"The operation lasted too long: It took 843 milliseconds, but should not have lasted longer than 840 milliseconds.",231,168,6,18,http://stload.se.ifmo.ru:8080/?token=518472196&&user=-1356113187&config=1,843,0,0
1775999211067,849,HTTP Request 1,200,OK,config 1 1-2,text,false,"The operation lasted too long: It took 849 milliseconds, but should not have lasted longer than 840 milliseconds.",231,168,6,18,http://stload.se.ifmo.ru:8080/?token=518472196&&user=-1356113187&config=1,849,0,0
1775999211399,865,HTTP Request 1,200,OK,config 1 1-3,text,false,"The operation lasted too long: It took 865 milliseconds, but should not have lasted longer than 840 milliseconds.",231,168,6,18,http://stload.se.ifmo.ru:8080/?token=518472196&&user=-1356113187&config=1,865,0,0
1775999211731,854,HTTP Request 1,200,OK,config 1 1-4,text,false,"The operation lasted too long: It took 854 milliseconds, but should not have lasted longer than 840 milliseconds.",231,168,6,18,http://stload.se.ifmo.ru:8080/?token=518472196&&user=-1356113187&config=1,854,0,0
1775999212065,907,HTTP Request 1,200,OK,config 1 1-5,text,false,"The operation lasted too long: It took 907 milliseconds, but should not have lasted longer than 840 milliseconds.",231,168,6,18,http://stload.se.ifmo.ru:8080/?token=518472196&&user=-1356113187&config=1,907,0,0
1775999212255,898,HTTP Request 1,200,OK,config 1 1-1,text,false,"The operation lasted too long: It took 898 milliseconds, but should not have lasted longer than 840 milliseconds.",231,168,6,18,http://stload.se.ifmo.ru:8080/?token=518472196&&user=-1356113187&config=1,898,0,0
1775999212399,846,HTTP Request 1,200,OK,config 1 1-6,text,false,"The operation lasted too long: It took 846 milliseconds, but should not have lasted longer than 840 milliseconds.",231,168,6,18,http://stload.se.ifmo.ru:8080/?token=518472196&&user=-1356113187&config=1,846,0,0
1775999212568,876,HTTP Request 1,200,OK,config 1 1-2,text,false,"The operation lasted too long: It took 876 milliseconds, but should not have lasted longer than 840 milliseconds.",231,168,6,18,http://stload.se.ifmo.ru:8080/?token=518472196&&user=-1356113187&config=1,876,0,0
1775999212899,864,HTTP Request 1,200,OK,config 1 1-3,text,false,"The operation lasted too long: It took 864 milliseconds, but should not have lasted longer than 840 milliseconds.",231,168,6,18,http://stload.se.ifmo.ru:8080/?token=518472196&&user=-1356113187&config=1,864,0,0
1775999213231,855,HTTP Request 1,200,OK,config 1 1-4,text,false,"The operation lasted too long: It took 855 milliseconds, but should not have lasted longer than 840 milliseconds.",231,168,6,18,http://stload.se.ifmo.ru:8080/?token=518472196&&user=-1356113187&config=1,855,0,0
1775999213565,919,HTTP Request 1,200,OK,config 1 1-5,text,false,"The operation lasted too long: It took 919 milliseconds, but should not have lasted longer than 840 milliseconds.",231,168,6,18,http://stload.se.ifmo.ru:8080/?token=518472196&&user=-1356113187&config=1,919,0,0
1775999213754,838,HTTP Request 1,200,OK,config 1 1-1,text,true,,231,168,6,18,http://stload.se.ifmo.ru:8080/?token=518472196&&user=-1356113187&config=1,838,0,0
1775999213899,913,HTTP Request 1,200,OK,config 1 1-6,text,false,"The operation lasted too long: It took 913 milliseconds, but should not have lasted longer than 840 milliseconds.",231,168,6,18,http://stload.se.ifmo.ru:8080/?token=518472196&&user=-1356113187&config=1,913,0,0
1775999214067,863,HTTP Request 1,200,OK,config 1 1-2,text,false,"The operation lasted too long: It took 863 milliseconds, but should not have lasted longer than 840 milliseconds.",231,168,6,18,http://stload.se.ifmo.ru:8080/?token=518472196&&user=-1356113187&config=1,863,0,0
1775999214400,842,HTTP Request 1,200,OK,config 1 1-3,text,false,"The operation lasted too long: It took 842 milliseconds, but should not have lasted longer than 840 milliseconds.",231,168,6,18,http://stload.se.ifmo.ru:8080/?token=518472196&&user=-1356113187&config=1,842,0,0
1775999214731,843,HTTP Request 1,200,OK,config 1 1-4,text,false,"The operation lasted too long: It took 843 milliseconds, but should not have lasted longer than 840 milliseconds.",231,168,6,18,http://stload.se.ifmo.ru:8080/?token=518472196&&user=-1356113187&config=1,843,0,0
1775999215065,897,HTTP Request 1,200,OK,config 1 1-5,text,false,"The operation lasted too long: It took 897 milliseconds, but should not have lasted longer than 840 milliseconds.",231,168,6,18,http://stload.se.ifmo.ru:8080/?token=518472196&&user=-1356113187&config=1,897,0,0
1775999215254,880,HTTP Request 1,200,OK,config 1 1-1,text,false,"The operation lasted too long: It took 880 milliseconds, but should not have lasted longer than 840 milliseconds.",231,168,6,18,http://stload.se.ifmo.ru:8080/?token=518472196&&user=-1356113187&config=1,880,0,0
1775999215398,889,HTTP Request 1,200,OK,config 1 1-6,text,false,"The operation lasted too long: It took 889 milliseconds, but should not have lasted longer than 840 milliseconds.",231,168,6,18,http://stload.se.ifmo.ru:8080/?token=518472196&&user=-1356113187&config=1,889,0,0
1775999215568,848,HTTP Request 1,200,OK,config 1 1-2,text,false,"The operation lasted too long: It took 848 milliseconds, but should not have lasted longer than 840 milliseconds.",231,168,6,18,http://stload.se.ifmo.ru:8080/?token=518472196&&user=-1356113187&config=1,848,0,0
1775999215900,882,HTTP Request 1,200,OK,config 1 1-3,text,false,"The operation lasted too long: It took 882 milliseconds, but should not have lasted longer than 840 milliseconds.",231,168,6,18,http://stload.se.ifmo.ru:8080/?token=518472196&&user=-1356113187&config=1,882,0,0
1775999216231,956,HTTP Request 1,200,OK,config 1 1-4,text,false,"The operation lasted too long: It took 956 milliseconds, but should not have lasted longer than 840 milliseconds.",231,168,6,18,http://stload.se.ifmo.ru:8080/?token=518472196&&user=-1356113187&config=1,956,0,0
1775999216565,908,HTTP Request 1,200,OK,config 1 1-5,text,false,"The operation lasted too long: It took 908 milliseconds, but should not have lasted longer than 840 milliseconds.",231,168,6,18,http://stload.se.ifmo.ru:8080/?token=518472196&&user=-1356113187&config=1,908,0,0
1775999216754,863,HTTP Request 1,200,OK,config 1 1-1,text,false,"The operation lasted too long: It took 863 milliseconds, but should not have lasted longer than 840 milliseconds.",231,168,6,18,http://stload.se.ifmo.ru:8080/?token=518472196&&user=-1356113187&config=1,863,0,0
1775999216898,847,HTTP Request 1,200,OK,config 1 1-6,text,false,"The operation lasted too long: It took 847 milliseconds, but should not have lasted longer than 840 milliseconds.",231,168,6,18,http://stload.se.ifmo.ru:8080/?token=518472196&&user=-1356113187&config=1,847,0,0
1775999217067,891,HTTP Request 1,200,OK,config 1 1-2,text,false,"The operation lasted too long: It took 891 milliseconds, but should not have lasted longer than 840 milliseconds.",231,168,6,18,http://stload.se.ifmo.ru:8080/?token=518472196&&user=-1356113187&config=1,891,0,0
1775999217399,853,HTTP Request 1,200,OK,config 1 1-3,text,false,"The operation lasted too long: It took 853 milliseconds, but should not have lasted longer than 840 milliseconds.",231,168,6,18,http://stload.se.ifmo.ru:8080/?token=518472196&&user=-1356113187&config=1,853,0,0
1775999217732,897,HTTP Request 1,200,OK,config 1 1-4,text,false,"The operation lasted too long: It took 897 milliseconds, but should not have lasted longer than 840 milliseconds.",231,168,6,18,http://stload.se.ifmo.ru:8080/?token=518472196&&user=-1356113187&config=1,897,0,0
1775999218065,940,HTTP Request 1,200,OK,config 1 1-5,text,false,"The operation lasted too long: It took 940 milliseconds, but should not have lasted longer than 840 milliseconds.",231,168,6,18,http://stload.se.ifmo.ru:8080/?token=518472196&&user=-1356113187&config=1,940,0,0
1775999218255,893,HTTP Request 1,200,OK,config 1 1-1,text,false,"The operation lasted too long: It took 893 milliseconds, but should not have lasted longer than 840 milliseconds.",231,168,6,18,http://stload.se.ifmo.ru:8080/?token=518472196&&user=-1356113187&config=1,893,0,0
1775999218398,847,HTTP Request 1,200,OK,config 1 1-6,text,false,"The operation lasted too long: It took 847 milliseconds, but should not have lasted longer than 840 milliseconds.",231,168,6,18,http://stload.se.ifmo.ru:8080/?token=518472196&&user=-1356113187&config=1,847,0,0
1775999218567,909,HTTP Request 1,200,OK,config 1 1-2,text,false,"The operation lasted too long: It took 909 milliseconds, but should not have lasted longer than 840 milliseconds.",231,168,6,18,http://stload.se.ifmo.ru:8080/?token=518472196&&user=-1356113187&config=1,909,0,0
1775999218900,861,HTTP Request 1,200,OK,config 1 1-3,text,false,"The operation lasted too long: It took 861 milliseconds, but should not have lasted longer than 840 milliseconds.",231,168,6,18,http://stload.se.ifmo.ru:8080/?token=518472196&&user=-1356113187&config=1,861,0,0
1775999219232,844,HTTP Request 1,200,OK,config 1 1-4,text,false,"The operation lasted too long: It took 844 milliseconds, but should not have lasted longer than 840 milliseconds.",231,168,6,18,http://stload.se.ifmo.ru:8080/?token=518472196&&user=-1356113187&config=1,844,0,0
1775999219565,894,HTTP Request 1,200,OK,config 1 1-5,text,false,"The operation lasted too long: It took 894 milliseconds, but should not have lasted longer than 840 milliseconds.",231,168,6,18,http://stload.se.ifmo.ru:8080/?token=518472196&&user=-1356113187&config=1,894,0,0
1775999219754,850,HTTP Request 1,200,OK,config 1 1-1,text,false,"The operation lasted too long: It took 850 milliseconds, but should not have lasted longer than 840 milliseconds.",231,168,6,18,http://stload.se.ifmo.ru:8080/?token=518472196&&user=-1356113187&config=1,850,0,0
1775999219899,890,HTTP Request 1,200,OK,config 1 1-6,text,false,"The operation lasted too long: It took 890 milliseconds, but should not have lasted longer than 840 milliseconds.",231,168,6,18,http://stload.se.ifmo.ru:8080/?token=518472196&&user=-1356113187&config=1,890,0,0
1775999220067,855,HTTP Request 1,200,OK,config 1 1-2,text,false,"The operation lasted too long: It took 855 milliseconds, but should not have lasted longer than 840 milliseconds.",231,168,6,18,http://stload.se.ifmo.ru:8080/?token=518472196&&user=-1356113187&config=1,855,0,0
1775999220400,853,HTTP Request 1,200,OK,config 1 1-3,text,false,"The operation lasted too long: It took 853 milliseconds, but should not have lasted longer than 840 milliseconds.",231,168,6,18,http://stload.se.ifmo.ru:8080/?token=518472196&&user=-1356113187&config=1,853,0,0
1775999220732,929,HTTP Request 1,200,OK,config 1 1-4,text,false,"The operation lasted too long: It took 929 milliseconds, but should not have lasted longer than 840 milliseconds.",231,168,6,18,http://stload.se.ifmo.ru:8080/?token=518472196&&user=-1356113187&config=1,929,0,0
1775999221066,922,HTTP Request 1,200,OK,config 1 1-5,text,false,"The operation lasted too long: It took 922 milliseconds, but should not have lasted longer than 840 milliseconds.",231,168,6,18,http://stload.se.ifmo.ru:8080/?token=518472196&&user=-1356113187&config=1,922,0,0
1775999221254,971,HTTP Request 1,200,OK,config 1 1-1,text,false,"The operation lasted too long: It took 971 milliseconds, but should not have lasted longer than 840 milliseconds.",231,168,6,18,http://stload.se.ifmo.ru:8080/?token=518472196&&user=-1356113187&config=1,971,0,0
1775999221398,854,HTTP Request 1,200,OK,config 1 1-6,text,false,"The operation lasted too long: It took 854 milliseconds, but should not have lasted longer than 840 milliseconds.",231,168,6,18,http://stload.se.ifmo.ru:8080/?token=518472196&&user=-1356113187&config=1,854,0,0
1775999221567,870,HTTP Request 1,200,OK,config 1 1-2,text,false,"The operation lasted too long: It took 870 milliseconds, but should not have lasted longer than 840 milliseconds.",231,168,6,18,http://stload.se.ifmo.ru:8080/?token=518472196&&user=-1356113187&config=1,870,0,0
1775999221900,910,HTTP Request 1,200,OK,config 1 1-3,text,false,"The operation lasted too long: It took 910 milliseconds, but should not have lasted longer than 840 milliseconds.",231,168,6,18,http://stload.se.ifmo.ru:8080/?token=518472196&&user=-1356113187&config=1,910,0,0
1775999222232,850,HTTP Request 1,200,OK,config 1 1-4,text,false,"The operation lasted too long: It took 850 milliseconds, but should not have lasted longer than 840 milliseconds.",231,168,6,18,http://stload.se.ifmo.ru:8080/?token=518472196&&user=-1356113187&config=1,850,0,0
1775999222565,841,HTTP Request 1,200,OK,config 1 1-5,text,false,"The operation lasted too long: It took 841 milliseconds, but should not have lasted longer than 840 milliseconds.",231,168,6,18,http://stload.se.ifmo.ru:8080/?token=518472196&&user=-1356113187&config=1,841,0,0
1775999222755,893,HTTP Request 1,200,OK,config 1 1-1,text,false,"The operation lasted too long: It took 893 milliseconds, but should not have lasted longer than 840 milliseconds.",231,168,6,18,http://stload.se.ifmo.ru:8080/?token=518472196&&user=-1356113187&config=1,893,0,0
1775999222898,933,HTTP Request 1,200,OK,config 1 1-6,text,false,"The operation lasted too long: It took 933 milliseconds, but should not have lasted longer than 840 milliseconds.",231,168,6,18,http://stload.se.ifmo.ru:8080/?token=518472196&&user=-1356113187&config=1,933,0,0
1775999223068,893,HTTP Request 1,200,OK,config 1 1-2,text,false,"The operation lasted too long: It took 893 milliseconds, but should not have lasted longer than 840 milliseconds.",231,168,6,18,http://stload.se.ifmo.ru:8080/?token=518472196&&user=-1356113187&config=1,893,0,0
1775999223400,859,HTTP Request 1,200,OK,config 1 1-3,text,false,"The operation lasted too long: It took 859 milliseconds, but should not have lasted longer than 840 milliseconds.",231,168,6,18,http://stload.se.ifmo.ru:8080/?token=518472196&&user=-1356113187&config=1,859,0,0
1775999223731,873,HTTP Request 1,200,OK,config 1 1-4,text,false,"The operation lasted too long: It took 873 milliseconds, but should not have lasted longer than 840 milliseconds.",231,168,6,18,http://stload.se.ifmo.ru:8080/?token=518472196&&user=-1356113187&config=1,873,0,0
1775999224066,880,HTTP Request 1,200,OK,config 1 1-5,text,false,"The operation lasted too long: It took 880 milliseconds, but should not have lasted longer than 840 milliseconds.",231,168,6,18,http://stload.se.ifmo.ru:8080/?token=518472196&&user=-1356113187&config=1,880,0,0
1775999224254,881,HTTP Request 1,200,OK,config 1 1-1,text,false,"The operation lasted too long: It took 881 milliseconds, but should not have lasted longer than 840 milliseconds.",231,168,6,18,http://stload.se.ifmo.ru:8080/?token=518472196&&user=-1356113187&config=1,881,0,0
1775999224398,842,HTTP Request 1,200,OK,config 1 1-6,text,false,"The operation lasted too long: It took 842 milliseconds, but should not have lasted longer than 840 milliseconds.",231,168,6,18,http://stload.se.ifmo.ru:8080/?token=518472196&&user=-1356113187&config=1,842,0,0
1775999224567,857,HTTP Request 1,200,OK,config 1 1-2,text,false,"The operation lasted too long: It took 857 milliseconds, but should not have lasted longer than 840 milliseconds.",231,168,6,18,http://stload.se.ifmo.ru:8080/?token=518472196&&user=-1356113187&config=1,857,0,0
1775999224899,867,HTTP Request 1,200,OK,config 1 1-3,text,false,"The operation lasted too long: It took 867 milliseconds, but should not have lasted longer than 840 milliseconds.",231,168,6,18,http://stload.se.ifmo.ru:8080/?token=518472196&&user=-1356113187&config=1,867,0,0
1775999225231,871,HTTP Request 1,200,OK,config 1 1-4,text,false,"The operation lasted too long: It took 871 milliseconds, but should not have lasted longer than 840 milliseconds.",231,168,6,18,http://stload.se.ifmo.ru:8080/?token=518472196&&user=-1356113187&config=1,871,0,0
1775999225565,855,HTTP Request 1,200,OK,config 1 1-5,text,false,"The operation lasted too long: It took 855 milliseconds, but should not have lasted longer than 840 milliseconds.",231,168,6,18,http://stload.se.ifmo.ru:8080/?token=518472196&&user=-1356113187&config=1,855,0,0
1775999225754,850,HTTP Request 1,200,OK,config 1 1-1,text,false,"The operation lasted too long: It took 850 milliseconds, but should not have lasted longer than 840 milliseconds.",231,168,6,18,http://stload.se.ifmo.ru:8080/?token=518472196&&user=-1356113187&config=1,850,0,0
1775999225898,894,HTTP Request 1,200,OK,config 1 1-6,text,false,"The operation lasted too long: It took 894 milliseconds, but should not have lasted longer than 840 milliseconds.",231,168,6,18,http://stload.se.ifmo.ru:8080/?token=518472196&&user=-1356113187&config=1,894,0,0
1775999226067,858,HTTP Request 1,200,OK,config 1 1-2,text,false,"The operation lasted too long: It took 858 milliseconds, but should not have lasted longer than 840 milliseconds.",231,168,6,18,http://stload.se.ifmo.ru:8080/?token=518472196&&user=-1356113187&config=1,858,0,0
1775999226399,854,HTTP Request 1,200,OK,config 1 1-3,text,false,"The operation lasted too long: It took 854 milliseconds, but should not have lasted longer than 840 milliseconds.",231,168,6,18,http://stload.se.ifmo.ru:8080/?token=518472196&&user=-1356113187&config=1,854,0,0
1775999226731,892,HTTP Request 1,200,OK,config 1 1-4,text,false,"The operation lasted too long: It took 892 milliseconds, but should not have lasted longer than 840 milliseconds.",231,168,6,18,http://stload.se.ifmo.ru:8080/?token=518472196&&user=-1356113187&config=1,892,0,0
1775999227065,894,HTTP Request 1,200,OK,config 1 1-5,text,false,"The operation lasted too long: It took 894 milliseconds, but should not have lasted longer than 840 milliseconds.",231,168,6,18,http://stload.se.ifmo.ru:8080/?token=518472196&&user=-1356113187&config=1,894,0,0
1775999227254,853,HTTP Request 1,200,OK,config 1 1-1,text,false,"The operation lasted too long: It took 853 milliseconds, but should not have lasted longer than 840 milliseconds.",231,168,6,18,http://stload.se.ifmo.ru:8080/?token=518472196&&user=-1356113187&config=1,853,0,0
1775999227398,848,HTTP Request 1,200,OK,config 1 1-6,text,false,"The operation lasted too long: It took 848 milliseconds, but should not have lasted longer than 840 milliseconds.",231,168,6,18,http://stload.se.ifmo.ru:8080/?token=518472196&&user=-1356113187&config=1,848,0,0
1775999227567,852,HTTP Request 1,200,OK,config 1 1-2,text,false,"The operation lasted too long: It took 852 milliseconds, but should not have lasted longer than 840 milliseconds.",231,168,6,18,http://stload.se.ifmo.ru:8080/?token=518472196&&user=-1356113187&config=1,852,0,0
1775999227899,862,HTTP Request 1,200,OK,config 1 1-3,text,false,"The operation lasted too long: It took 862 milliseconds, but should not have lasted longer than 840 milliseconds.",231,168,6,18,http://stload.se.ifmo.ru:8080/?token=518472196&&user=-1356113187&config=1,862,0,0
1775999228231,855,HTTP Request 1,200,OK,config 1 1-4,text,false,"The operation lasted too long: It took 855 milliseconds, but should not have lasted longer than 840 milliseconds.",231,168,6,18,http://stload.se.ifmo.ru:8080/?token=518472196&&user=-1356113187&config=1,855,0,0
1775999228566,884,HTTP Request 1,200,OK,config 1 1-5,text,false,"The operation lasted too long: It took 884 milliseconds, but should not have lasted longer than 840 milliseconds.",231,168,6,18,http://stload.se.ifmo.ru:8080/?token=518472196&&user=-1356113187&config=1,884,0,0
1775999228755,847,HTTP Request 1,200,OK,config 1 1-1,text,false,"The operation lasted too long: It took 847 milliseconds, but should not have lasted longer than 840 milliseconds.",231,168,6,18,http://stload.se.ifmo.ru:8080/?token=518472196&&user=-1356113187&config=1,847,0,0
1775999228898,861,HTTP Request 1,200,OK,config 1 1-6,text,false,"The operation lasted too long: It took 861 milliseconds, but should not have lasted longer than 840 milliseconds.",231,168,6,18,http://stload.se.ifmo.ru:8080/?token=518472196&&user=-1356113187&config=1,861,0,0
1775999229067,848,HTTP Request 1,200,OK,config 1 1-2,text,false,"The operation lasted too long: It took 848 milliseconds, but should not have lasted longer than 840 milliseconds.",231,168,6,18,http://stload.se.ifmo.ru:8080/?token=518472196&&user=-1356113187&config=1,848,0,0
1775999229399,857,HTTP Request 1,200,OK,config 1 1-3,text,false,"The operation lasted too long: It took 857 milliseconds, but should not have lasted longer than 840 milliseconds.",231,168,6,18,http://stload.se.ifmo.ru:8080/?token=518472196&&user=-1356113187&config=1,857,0,0
1775999229732,852,HTTP Request 1,200,OK,config 1 1-4,text,false,"The operation lasted too long: It took 852 milliseconds, but should not have lasted longer than 840 milliseconds.",231,168,6,18,http://stload.se.ifmo.ru:8080/?token=518472196&&user=-1356113187&config=1,852,0,0
1775999230065,872,HTTP Request 1,200,OK,config 1 1-5,text,false,"The operation lasted too long: It took 872 milliseconds, but should not have lasted longer than 840 milliseconds.",231,168,6,18,http://stload.se.ifmo.ru:8080/?token=518472196&&user=-1356113187&config=1,872,0,0
1775999230254,849,HTTP Request 1,200,OK,config 1 1-1,text,false,"The operation lasted too long: It took 849 milliseconds, but should not have lasted longer than 840 milliseconds.",231,168,6,18,http://stload.se.ifmo.ru:8080/?token=518472196&&user=-1356113187&config=1,849,0,0
1775999230399,842,HTTP Request 1,200,OK,config 1 1-6,text,false,"The operation lasted too long: It took 842 milliseconds, but should not have lasted longer than 840 milliseconds.",231,168,6,18,http://stload.se.ifmo.ru:8080/?token=518472196&&user=-1356113187&config=1,842,0,0
1775999230568,841,HTTP Request 1,200,OK,config 1 1-2,text,false,"The operation lasted too long: It took 841 milliseconds, but should not have lasted longer than 840 milliseconds.",231,168,6,18,http://stload.se.ifmo.ru:8080/?token=518472196&&user=-1356113187&config=1,841,0,0
1775999230900,844,HTTP Request 1,200,OK,config 1 1-3,text,false,"The operation lasted too long: It took 844 milliseconds, but should not have lasted longer than 840 milliseconds.",231,168,6,18,http://stload.se.ifmo.ru:8080/?token=518472196&&user=-1356113187&config=1,844,0,0
1775999231232,854,HTTP Request 1,200,OK,config 1 1-4,text,false,"The operation lasted too long: It took 854 milliseconds, but should not have lasted longer than 840 milliseconds.",231,168,6,18,http://stload.se.ifmo.ru:8080/?token=518472196&&user=-1356113187&config=1,854,0,0
1775999231565,840,HTTP Request 1,200,OK,config 1 1-5,text,true,,231,168,6,18,http://stload.se.ifmo.ru:8080/?token=518472196&&user=-1356113187&config=1,840,0,0
1775999231755,914,HTTP Request 1,200,OK,config 1 1-1,text,false,"The operation lasted too long: It took 914 milliseconds, but should not have lasted longer than 840 milliseconds.",231,168,6,18,http://stload.se.ifmo.ru:8080/?token=518472196&&user=-1356113187&config=1,914,0,0
1775999231898,866,HTTP Request 1,200,OK,config 1 1-6,text,false,"The operation lasted too long: It took 866 milliseconds, but should not have lasted longer than 840 milliseconds.",231,168,6,18,http://stload.se.ifmo.ru:8080/?token=518472196&&user=-1356113187&config=1,866,0,0
1775999232067,873,HTTP Request 1,200,OK,config 1 1-2,text,false,"The operation lasted too long: It took 873 milliseconds, but should not have lasted longer than 840 milliseconds.",231,168,6,18,http://stload.se.ifmo.ru:8080/?token=518472196&&user=-1356113187&config=1,873,0,0
1775999232399,869,HTTP Request 1,200,OK,config 1 1-3,text,false,"The operation lasted too long: It took 869 milliseconds, but should not have lasted longer than 840 milliseconds.",231,168,6,18,http://stload.se.ifmo.ru:8080/?token=518472196&&user=-1356113187&config=1,869,0,0
1775999232732,866,HTTP Request 1,200,OK,config 1 1-4,text,false,"The operation lasted too long: It took 866 milliseconds, but should not have lasted longer than 840 milliseconds.",231,168,6,18,http://stload.se.ifmo.ru:8080/?token=518472196&&user=-1356113187&config=1,866,0,0
1775999233066,882,HTTP Request 1,200,OK,config 1 1-5,text,false,"The operation lasted too long: It took 882 milliseconds, but should not have lasted longer than 840 milliseconds.",231,168,6,18,http://stload.se.ifmo.ru:8080/?token=518472196&&user=-1356113187&config=1,882,0,0
1775999233254,905,HTTP Request 1,200,OK,config 1 1-1,text,false,"The operation lasted too long: It took 905 milliseconds, but should not have lasted longer than 840 milliseconds.",231,168,6,18,http://stload.se.ifmo.ru:8080/?token=518472196&&user=-1356113187&config=1,905,0,36
1775999233399,855,HTTP Request 1,200,OK,config 1 1-6,text,false,"The operation lasted too long: It took 855 milliseconds, but should not have lasted longer than 840 milliseconds.",231,168,6,18,http://stload.se.ifmo.ru:8080/?token=518472196&&user=-1356113187&config=1,855,0,0
1775999233567,848,HTTP Request 1,200,OK,config 1 1-2,text,false,"The operation lasted too long: It took 848 milliseconds, but should not have lasted longer than 840 milliseconds.",231,168,6,18,http://stload.se.ifmo.ru:8080/?token=518472196&&user=-1356113187&config=1,848,0,0
1775999233899,845,HTTP Request 1,200,OK,config 1 1-3,text,false,"The operation lasted too long: It took 845 milliseconds, but should not have lasted longer than 840 milliseconds.",231,168,6,18,http://stload.se.ifmo.ru:8080/?token=518472196&&user=-1356113187&config=1,845,0,0
1775999234231,881,HTTP Request 1,200,OK,config 1 1-4,text,false,"The operation lasted too long: It took 881 milliseconds, but should not have lasted longer than 840 milliseconds.",231,168,6,18,http://stload.se.ifmo.ru:8080/?token=518472196&&user=-1356113187&config=1,881,0,0
1775999234565,913,HTTP Request 1,200,OK,config 1 1-5,text,false,"The operation lasted too long: It took 913 milliseconds, but should not have lasted longer than 840 milliseconds.",231,168,6,18,http://stload.se.ifmo.ru:8080/?token=518472196&&user=-1356113187&config=1,913,0,0
1775999234754,889,HTTP Request 1,200,OK,config 1 1-1,text,false,"The operation lasted too long: It took 889 milliseconds, but should not have lasted longer than 840 milliseconds.",231,168,6,18,http://stload.se.ifmo.ru:8080/?token=518472196&&user=-1356113187&config=1,889,0,0
1775999234898,882,HTTP Request 1,200,OK,config 1 1-6,text,false,"The operation lasted too long: It took 882 milliseconds, but should not have lasted longer than 840 milliseconds.",231,168,6,18,http://stload.se.ifmo.ru:8080/?token=518472196&&user=-1356113187&config=1,882,0,0
1775999235067,850,HTTP Request 1,200,OK,config 1 1-2,text,false,"The operation lasted too long: It took 850 milliseconds, but should not have lasted longer than 840 milliseconds.",231,168,6,18,http://stload.se.ifmo.ru:8080/?token=518472196&&user=-1356113187&config=1,850,0,0
1775999235399,855,HTTP Request 1,200,OK,config 1 1-3,text,false,"The operation lasted too long: It took 855 milliseconds, but should not have lasted longer than 840 milliseconds.",231,168,6,18,http://stload.se.ifmo.ru:8080/?token=518472196&&user=-1356113187&config=1,855,0,0
1775999235731,877,HTTP Request 1,200,OK,config 1 1-4,text,false,"The operation lasted too long: It took 877 milliseconds, but should not have lasted longer than 840 milliseconds.",231,168,6,18,http://stload.se.ifmo.ru:8080/?token=518472196&&user=-1356113187&config=1,877,0,0
1775999236065,878,HTTP Request 1,200,OK,config 1 1-5,text,false,"The operation lasted too long: It took 878 milliseconds, but should not have lasted longer than 840 milliseconds.",231,168,6,18,http://stload.se.ifmo.ru:8080/?token=518472196&&user=-1356113187&config=1,878,0,0
1775999236254,905,HTTP Request 1,200,OK,config 1 1-1,text,false,"The operation lasted too long: It took 905 milliseconds, but should not have lasted longer than 840 milliseconds.",231,168,6,18,http://stload.se.ifmo.ru:8080/?token=518472196&&user=-1356113187&config=1,905,0,0
1775999236399,842,HTTP Request 1,200,OK,config 1 1-6,text,false,"The operation lasted too long: It took 842 milliseconds, but should not have lasted longer than 840 milliseconds.",231,168,6,18,http://stload.se.ifmo.ru:8080/?token=518472196&&user=-1356113187&config=1,842,0,0
1775999236567,991,HTTP Request 1,200,OK,config 1 1-2,text,false,"The operation lasted too long: It took 991 milliseconds, but should not have lasted longer than 840 milliseconds.",231,168,6,18,http://stload.se.ifmo.ru:8080/?token=518472196&&user=-1356113187&config=1,991,0,90
1775999236899,936,HTTP Request 1,200,OK,config 1 1-3,text,false,"The operation lasted too long: It took 936 milliseconds, but should not have lasted longer than 840 milliseconds.",231,168,6,18,http://stload.se.ifmo.ru:8080/?token=518472196&&user=-1356113187&config=1,936,0,0
1775999237232,865,HTTP Request 1,200,OK,config 1 1-4,text,false,"The operation lasted too long: It took 865 milliseconds, but should not have lasted longer than 840 milliseconds.",231,168,6,18,http://stload.se.ifmo.ru:8080/?token=518472196&&user=-1356113187&config=1,865,0,0
1775999237565,858,HTTP Request 1,200,OK,config 1 1-5,text,false,"The operation lasted too long: It took 858 milliseconds, but should not have lasted longer than 840 milliseconds.",231,168,6,18,http://stload.se.ifmo.ru:8080/?token=518472196&&user=-1356113187&config=1,858,0,0
1775999237754,838,HTTP Request 1,200,OK,config 1 1-1,text,true,,231,168,6,18,http://stload.se.ifmo.ru:8080/?token=518472196&&user=-1356113187&config=1,838,0,0
1775999237898,877,HTTP Request 1,200,OK,config 1 1-6,text,false,"The operation lasted too long: It took 877 milliseconds, but should not have lasted longer than 840 milliseconds.",231,168,6,18,http://stload.se.ifmo.ru:8080/?token=518472196&&user=-1356113187&config=1,877,0,0
1775999238067,846,HTTP Request 1,200,OK,config 1 1-2,text,false,"The operation lasted too long: It took 846 milliseconds, but should not have lasted longer than 840 milliseconds.",231,168,6,18,http://stload.se.ifmo.ru:8080/?token=518472196&&user=-1356113187&config=1,846,0,0
1775999238400,942,HTTP Request 1,200,OK,config 1 1-3,text,false,"The operation lasted too long: It took 942 milliseconds, but should not have lasted longer than 840 milliseconds.",231,168,6,18,http://stload.se.ifmo.ru:8080/?token=518472196&&user=-1356113187&config=1,942,0,38
1775999238732,923,HTTP Request 1,200,OK,config 1 1-4,text,false,"The operation lasted too long: It took 923 milliseconds, but should not have lasted longer than 840 milliseconds.",231,168,6,18,http://stload.se.ifmo.ru:8080/?token=518472196&&user=-1356113187&config=1,923,0,0
1775999239066,849,HTTP Request 1,200,OK,config 1 1-5,text,false,"The operation lasted too long: It took 849 milliseconds, but should not have lasted longer than 840 milliseconds.",231,168,6,18,http://stload.se.ifmo.ru:8080/?token=518472196&&user=-1356113187&config=1,849,0,0
1775999239255,857,HTTP Request 1,200,OK,config 1 1-1,text,false,"The operation lasted too long: It took 857 milliseconds, but should not have lasted longer than 840 milliseconds.",231,168,6,18,http://stload.se.ifmo.ru:8080/?token=518472196&&user=-1356113187&config=1,857,0,0
1775999239399,843,HTTP Request 1,200,OK,config 1 1-6,text,false,"The operation lasted too long: It took 843 milliseconds, but should not have lasted longer than 840 milliseconds.",231,168,6,18,http://stload.se.ifmo.ru:8080/?token=518472196&&user=-1356113187&config=1,843,0,0
1775999239568,861,HTTP Request 1,200,OK,config 1 1-2,text,false,"The operation lasted too long: It took 861 milliseconds, but should not have lasted longer than 840 milliseconds.",231,168,6,18,http://stload.se.ifmo.ru:8080/?token=518472196&&user=-1356113187&config=1,861,0,0
1775999239900,856,HTTP Request 1,200,OK,config 1 1-3,text,false,"The operation lasted too long: It took 856 milliseconds, but should not have lasted longer than 840 milliseconds.",231,168,6,18,http://stload.se.ifmo.ru:8080/?token=518472196&&user=-1356113187&config=1,856,0,0
1775999240232,854,HTTP Request 1,200,OK,config 1 1-4,text,false,"The operation lasted too long: It took 854 milliseconds, but should not have lasted longer than 840 milliseconds.",231,168,6,18,http://stload.se.ifmo.ru:8080/?token=518472196&&user=-1356113187&config=1,854,0,0
1775999240565,845,HTTP Request 1,200,OK,config 1 1-5,text,false,"The operation lasted too long: It took 845 milliseconds, but should not have lasted longer than 840 milliseconds.",231,168,6,18,http://stload.se.ifmo.ru:8080/?token=518472196&&user=-1356113187&config=1,845,0,0
1775999240755,838,HTTP Request 1,200,OK,config 1 1-1,text,true,,231,168,6,18,http://stload.se.ifmo.ru:8080/?token=518472196&&user=-1356113187&config=1,838,0,0
1775999240899,965,HTTP Request 1,200,OK,config 1 1-6,text,false,"The operation lasted too long: It took 965 milliseconds, but should not have lasted longer than 840 milliseconds.",231,168,6,18,http://stload.se.ifmo.ru:8080/?token=518472196&&user=-1356113187&config=1,965,0,0
1775999241067,865,HTTP Request 1,200,OK,config 1 1-2,text,false,"The operation lasted too long: It took 865 milliseconds, but should not have lasted longer than 840 milliseconds.",231,168,6,18,http://stload.se.ifmo.ru:8080/?token=518472196&&user=-1356113187&config=1,865,0,0
1775999241399,853,HTTP Request 1,200,OK,config 1 1-3,text,false,"The operation lasted too long: It took 853 milliseconds, but should not have lasted longer than 840 milliseconds.",231,168,6,18,http://stload.se.ifmo.ru:8080/?token=518472196&&user=-1356113187&config=1,853,0,0
1775999241731,908,HTTP Request 1,200,OK,config 1 1-4,text,false,"The operation lasted too long: It took 908 milliseconds, but should not have lasted longer than 840 milliseconds.",231,168,6,18,http://stload.se.ifmo.ru:8080/?token=518472196&&user=-1356113187&config=1,908,0,0
1775999242065,915,HTTP Request 1,200,OK,config 1 1-5,text,false,"The operation lasted too long: It took 915 milliseconds, but should not have lasted longer than 840 milliseconds.",231,168,6,18,http://stload.se.ifmo.ru:8080/?token=518472196&&user=-1356113187&config=1,915,0,0
1775999242254,905,HTTP Request 1,200,OK,config 1 1-1,text,false,"The operation lasted too long: It took 905 milliseconds, but should not have lasted longer than 840 milliseconds.",231,168,6,18,http://stload.se.ifmo.ru:8080/?token=518472196&&user=-1356113187&config=1,905,0,0
1775999242399,842,HTTP Request 1,200,OK,config 1 1-6,text,false,"The operation lasted too long: It took 842 milliseconds, but should not have lasted longer than 840 milliseconds.",231,168,6,18,http://stload.se.ifmo.ru:8080/?token=518472196&&user=-1356113187&config=1,842,0,0
1775999242568,917,HTTP Request 1,200,OK,config 1 1-2,text,false,"The operation lasted too long: It took 917 milliseconds, but should not have lasted longer than 840 milliseconds.",231,168,6,18,http://stload.se.ifmo.ru:8080/?token=518472196&&user=-1356113187&config=1,917,0,0
1775999242900,857,HTTP Request 1,200,OK,config 1 1-3,text,false,"The operation lasted too long: It took 857 milliseconds, but should not have lasted longer than 840 milliseconds.",231,168,6,18,http://stload.se.ifmo.ru:8080/?token=518472196&&user=-1356113187&config=1,857,0,0
1775999243232,955,HTTP Request 1,200,OK,config 1 1-4,text,false,"The operation lasted too long: It took 955 milliseconds, but should not have lasted longer than 840 milliseconds.",231,168,6,18,http://stload.se.ifmo.ru:8080/?token=518472196&&user=-1356113187&config=1,955,0,55
1775999243566,935,HTTP Request 1,200,OK,config 1 1-5,text,false,"The operation lasted too long: It took 935 milliseconds, but should not have lasted longer than 840 milliseconds.",231,168,6,18,http://stload.se.ifmo.ru:8080/?token=518472196&&user=-1356113187&config=1,935,0,0
1775999243754,858,HTTP Request 1,200,OK,config 1 1-1,text,false,"The operation lasted too long: It took 858 milliseconds, but should not have lasted longer than 840 milliseconds.",231,168,6,18,http://stload.se.ifmo.ru:8080/?token=518472196&&user=-1356113187&config=1,858,0,0
1775999243899,880,HTTP Request 1,200,OK,config 1 1-6,text,false,"The operation lasted too long: It took 880 milliseconds, but should not have lasted longer than 840 milliseconds.",231,168,6,18,http://stload.se.ifmo.ru:8080/?token=518472196&&user=-1356113187&config=1,880,0,0
1775999244067,897,HTTP Request 1,200,OK,config 1 1-2,text,false,"The operation lasted too long: It took 897 milliseconds, but should not have lasted longer than 840 milliseconds.",231,168,6,18,http://stload.se.ifmo.ru:8080/?token=518472196&&user=-1356113187&config=1,897,0,0
1775999244400,868,HTTP Request 1,200,OK,config 1 1-3,text,false,"The operation lasted too long: It took 868 milliseconds, but should not have lasted longer than 840 milliseconds.",231,168,6,18,http://stload.se.ifmo.ru:8080/?token=518472196&&user=-1356113187&config=1,868,0,0
1775999244732,856,HTTP Request 1,200,OK,config 1 1-4,text,false,"The operation lasted too long: It took 856 milliseconds, but should not have lasted longer than 840 milliseconds.",231,168,6,18,http://stload.se.ifmo.ru:8080/?token=518472196&&user=-1356113187&config=1,856,0,0
1775999245066,919,HTTP Request 1,200,OK,config 1 1-5,text,false,"The operation lasted too long: It took 919 milliseconds, but should not have lasted longer than 840 milliseconds.",231,168,6,18,http://stload.se.ifmo.ru:8080/?token=518472196&&user=-1356113187&config=1,919,0,43
1775999245254,895,HTTP Request 1,200,OK,config 1 1-1,text,false,"The operation lasted too long: It took 895 milliseconds, but should not have lasted longer than 840 milliseconds.",231,168,6,18,http://stload.se.ifmo.ru:8080/?token=518472196&&user=-1356113187&config=1,895,0,0
1775999245399,850,HTTP Request 1,200,OK,config 1 1-6,text,false,"The operation lasted too long: It took 850 milliseconds, but should not have lasted longer than 840 milliseconds.",231,168,6,18,http://stload.se.ifmo.ru:8080/?token=518472196&&user=-1356113187&config=1,850,0,0
1775999245568,869,HTTP Request 1,200,OK,config 1 1-2,text,false,"The operation lasted too long: It took 869 milliseconds, but should not have lasted longer than 840 milliseconds.",231,168,6,18,http://stload.se.ifmo.ru:8080/?token=518472196&&user=-1356113187&config=1,869,0,0
1775999245900,865,HTTP Request 1,200,OK,config 1 1-3,text,false,"The operation lasted too long: It took 865 milliseconds, but should not have lasted longer than 840 milliseconds.",231,168,6,18,http://stload.se.ifmo.ru:8080/?token=518472196&&user=-1356113187&config=1,865,0,0
1775999246232,846,HTTP Request 1,200,OK,config 1 1-4,text,false,"The operation lasted too long: It took 846 milliseconds, but should not have lasted longer than 840 milliseconds.",231,168,6,18,http://stload.se.ifmo.ru:8080/?token=518472196&&user=-1356113187&config=1,846,0,0
1775999246566,888,HTTP Request 1,200,OK,config 1 1-5,text,false,"The operation lasted too long: It took 888 milliseconds, but should not have lasted longer than 840 milliseconds.",231,168,6,18,http://stload.se.ifmo.ru:8080/?token=518472196&&user=-1356113187&config=1,888,0,0
1775999246755,839,HTTP Request 1,200,OK,config 1 1-1,text,true,,231,168,6,18,http://stload.se.ifmo.ru:8080/?token=518472196&&user=-1356113187&config=1,838,0,0
1775999246899,908,HTTP Request 1,200,OK,config 1 1-6,text,false,"The operation lasted too long: It took 908 milliseconds, but should not have lasted longer than 840 milliseconds.",231,168,6,18,http://stload.se.ifmo.ru:8080/?token=518472196&&user=-1356113187&config=1,908,0,0
1775999247067,856,HTTP Request 1,200,OK,config 1 1-2,text,false,"The operation lasted too long: It took 856 milliseconds, but should not have lasted longer than 840 milliseconds.",231,168,6,18,http://stload.se.ifmo.ru:8080/?token=518472196&&user=-1356113187&config=1,856,0,0
1775999247399,843,HTTP Request 1,200,OK,config 1 1-3,text,false,"The operation lasted too long: It took 843 milliseconds, but should not have lasted longer than 840 milliseconds.",231,168,6,18,http://stload.se.ifmo.ru:8080/?token=518472196&&user=-1356113187&config=1,843,0,0
1775999247731,888,HTTP Request 1,200,OK,config 1 1-4,text,false,"The operation lasted too long: It took 888 milliseconds, but should not have lasted longer than 840 milliseconds.",231,168,6,18,http://stload.se.ifmo.ru:8080/?token=518472196&&user=-1356113187&config=1,888,0,0
1775999248065,874,HTTP Request 1,200,OK,config 1 1-5,text,false,"The operation lasted too long: It took 874 milliseconds, but should not have lasted longer than 840 milliseconds.",231,168,6,18,http://stload.se.ifmo.ru:8080/?token=518472196&&user=-1356113187&config=1,874,0,0
1775999248254,875,HTTP Request 1,200,OK,config 1 1-1,text,false,"The operation lasted too long: It took 875 milliseconds, but should not have lasted longer than 840 milliseconds.",231,168,6,18,http://stload.se.ifmo.ru:8080/?token=518472196&&user=-1356113187&config=1,875,0,0
1775999248398,842,HTTP Request 1,200,OK,config 1 1-6,text,false,"The operation lasted too long: It took 842 milliseconds, but should not have lasted longer than 840 milliseconds.",231,168,6,18,http://stload.se.ifmo.ru:8080/?token=518472196&&user=-1356113187&config=1,842,0,0
1775999248567,842,HTTP Request 1,200,OK,config 1 1-2,text,false,"The operation lasted too long: It took 842 milliseconds, but should not have lasted longer than 840 milliseconds.",231,168,6,18,http://stload.se.ifmo.ru:8080/?token=518472196&&user=-1356113187&config=1,842,0,0
1775999248900,876,HTTP Request 1,200,OK,config 1 1-3,text,false,"The operation lasted too long: It took 876 milliseconds, but should not have lasted longer than 840 milliseconds.",231,168,6,18,http://stload.se.ifmo.ru:8080/?token=518472196&&user=-1356113187&config=1,876,0,0
1775999249231,860,HTTP Request 1,200,OK,config 1 1-4,text,false,"The operation lasted too long: It took 860 milliseconds, but should not have lasted longer than 840 milliseconds.",231,168,6,18,http://stload.se.ifmo.ru:8080/?token=518472196&&user=-1356113187&config=1,860,0,0
1775999249565,881,HTTP Request 1,200,OK,config 1 1-5,text,false,"The operation lasted too long: It took 881 milliseconds, but should not have lasted longer than 840 milliseconds.",231,168,6,18,http://stload.se.ifmo.ru:8080/?token=518472196&&user=-1356113187&config=1,881,0,0
1775999249755,863,HTTP Request 1,200,OK,config 1 1-1,text,false,"The operation lasted too long: It took 863 milliseconds, but should not have lasted longer than 840 milliseconds.",231,168,6,18,http://stload.se.ifmo.ru:8080/?token=518472196&&user=-1356113187&config=1,863,0,0
1775999249898,964,HTTP Request 1,200,OK,config 1 1-6,text,false,"The operation lasted too long: It took 964 milliseconds, but should not have lasted longer than 840 milliseconds.",231,168,6,18,http://stload.se.ifmo.ru:8080/?token=518472196&&user=-1356113187&config=1,964,0,56
1775999250067,873,HTTP Request 1,200,OK,config 1 1-2,text,false,"The operation lasted too long: It took 873 milliseconds, but should not have lasted longer than 840 milliseconds.",231,168,6,18,http://stload.se.ifmo.ru:8080/?token=518472196&&user=-1356113187&config=1,873,0,0
1775999250399,866,HTTP Request 1,200,OK,config 1 1-3,text,false,"The operation lasted too long: It took 866 milliseconds, but should not have lasted longer than 840 milliseconds.",231,168,6,18,http://stload.se.ifmo.ru:8080/?token=518472196&&user=-1356113187&config=1,865,0,0
1775999250732,844,HTTP Request 1,200,OK,config 1 1-4,text,false,"The operation lasted too long: It took 844 milliseconds, but should not have lasted longer than 840 milliseconds.",231,168,6,18,http://stload.se.ifmo.ru:8080/?token=518472196&&user=-1356113187&config=1,844,0,0
1775999251066,919,HTTP Request 1,200,OK,config 1 1-5,text,false,"The operation lasted too long: It took 919 milliseconds, but should not have lasted longer than 840 milliseconds.",231,168,6,18,http://stload.se.ifmo.ru:8080/?token=518472196&&user=-1356113187&config=1,919,0,0
1775999251254,849,HTTP Request 1,200,OK,config 1 1-1,text,false,"The operation lasted too long: It took 849 milliseconds, but should not have lasted longer than 840 milliseconds.",231,168,6,18,http://stload.se.ifmo.ru:8080/?token=518472196&&user=-1356113187&config=1,849,0,0
1775999251399,845,HTTP Request 1,200,OK,config 1 1-6,text,false,"The operation lasted too long: It took 845 milliseconds, but should not have lasted longer than 840 milliseconds.",231,168,6,18,http://stload.se.ifmo.ru:8080/?token=518472196&&user=-1356113187&config=1,845,0,0
1775999251567,850,HTTP Request 1,200,OK,config 1 1-2,text,false,"The operation lasted too long: It took 850 milliseconds, but should not have lasted longer than 840 milliseconds.",231,168,6,18,http://stload.se.ifmo.ru:8080/?token=518472196&&user=-1356113187&config=1,850,0,0
1775999251899,851,HTTP Request 1,200,OK,config 1 1-3,text,false,"The operation lasted too long: It took 851 milliseconds, but should not have lasted longer than 840 milliseconds.",231,168,6,18,http://stload.se.ifmo.ru:8080/?token=518472196&&user=-1356113187&config=1,851,0,0
1775999252231,858,HTTP Request 1,200,OK,config 1 1-4,text,false,"The operation lasted too long: It took 858 milliseconds, but should not have lasted longer than 840 milliseconds.",231,168,6,18,http://stload.se.ifmo.ru:8080/?token=518472196&&user=-1356113187&config=1,858,0,0
1775999252565,884,HTTP Request 1,200,OK,config 1 1-5,text,false,"The operation lasted too long: It took 884 milliseconds, but should not have lasted longer than 840 milliseconds.",231,168,6,18,http://stload.se.ifmo.ru:8080/?token=518472196&&user=-1356113187&config=1,884,0,0
1775999252754,891,HTTP Request 1,200,OK,config 1 1-1,text,false,"The operation lasted too long: It took 891 milliseconds, but should not have lasted longer than 840 milliseconds.",231,168,6,18,http://stload.se.ifmo.ru:8080/?token=518472196&&user=-1356113187&config=1,891,0,0
1775999252898,890,HTTP Request 1,200,OK,config 1 1-6,text,false,"The operation lasted too long: It took 890 milliseconds, but should not have lasted longer than 840 milliseconds.",231,168,6,18,http://stload.se.ifmo.ru:8080/?token=518472196&&user=-1356113187&config=1,890,0,0
1775999253067,864,HTTP Request 1,200,OK,config 1 1-2,text,false,"The operation lasted too long: It took 864 milliseconds, but should not have lasted longer than 840 milliseconds.",231,168,6,18,http://stload.se.ifmo.ru:8080/?token=518472196&&user=-1356113187&config=1,864,0,0
1775999253400,867,HTTP Request 1,200,OK,config 1 1-3,text,false,"The operation lasted too long: It took 867 milliseconds, but should not have lasted longer than 840 milliseconds.",231,168,6,18,http://stload.se.ifmo.ru:8080/?token=518472196&&user=-1356113187&config=1,867,0,0
1775999253732,842,HTTP Request 1,200,OK,config 1 1-4,text,false,"The operation lasted too long: It took 842 milliseconds, but should not have lasted longer than 840 milliseconds.",231,168,6,18,http://stload.se.ifmo.ru:8080/?token=518472196&&user=-1356113187&config=1,842,0,0
1775999254066,843,HTTP Request 1,200,OK,config 1 1-5,text,false,"The operation lasted too long: It took 843 milliseconds, but should not have lasted longer than 840 milliseconds.",231,168,6,18,http://stload.se.ifmo.ru:8080/?token=518472196&&user=-1356113187&config=1,843,0,0
1775999254254,852,HTTP Request 1,200,OK,config 1 1-1,text,false,"The operation lasted too long: It took 852 milliseconds, but should not have lasted longer than 840 milliseconds.",231,168,6,18,http://stload.se.ifmo.ru:8080/?token=518472196&&user=-1356113187&config=1,852,0,0
1775999254398,846,HTTP Request 1,200,OK,config 1 1-6,text,false,"The operation lasted too long: It took 846 milliseconds, but should not have lasted longer than 840 milliseconds.",231,168,6,18,http://stload.se.ifmo.ru:8080/?token=518472196&&user=-1356113187&config=1,846,0,0
1775999254568,852,HTTP Request 1,200,OK,config 1 1-2,text,false,"The operation lasted too long: It took 852 milliseconds, but should not have lasted longer than 840 milliseconds.",231,168,6,18,http://stload.se.ifmo.ru:8080/?token=518472196&&user=-1356113187&config=1,852,0,0
1775999254899,854,HTTP Request 1,200,OK,config 1 1-3,text,false,"The operation lasted too long: It took 854 milliseconds, but should not have lasted longer than 840 milliseconds.",231,168,6,18,http://stload.se.ifmo.ru:8080/?token=518472196&&user=-1356113187&config=1,854,0,0
1775999255231,856,HTTP Request 1,200,OK,config 1 1-4,text,false,"The operation lasted too long: It took 856 milliseconds, but should not have lasted longer than 840 milliseconds.",231,168,6,18,http://stload.se.ifmo.ru:8080/?token=518472196&&user=-1356113187&config=1,856,0,0
1775999255565,887,HTTP Request 1,200,OK,config 1 1-5,text,false,"The operation lasted too long: It took 887 milliseconds, but should not have lasted longer than 840 milliseconds.",231,168,6,18,http://stload.se.ifmo.ru:8080/?token=518472196&&user=-1356113187&config=1,887,0,0
1775999255755,898,HTTP Request 1,200,OK,config 1 1-1,text,false,"The operation lasted too long: It took 898 milliseconds, but should not have lasted longer than 840 milliseconds.",231,168,6,18,http://stload.se.ifmo.ru:8080/?token=518472196&&user=-1356113187&config=1,898,0,0
1775999255898,901,HTTP Request 1,200,OK,config 1 1-6,text,false,"The operation lasted too long: It took 901 milliseconds, but should not have lasted longer than 840 milliseconds.",231,168,6,18,http://stload.se.ifmo.ru:8080/?token=518472196&&user=-1356113187&config=1,901,0,0
1775999256067,865,HTTP Request 1,200,OK,config 1 1-2,text,false,"The operation lasted too long: It took 865 milliseconds, but should not have lasted longer than 840 milliseconds.",231,168,6,18,http://stload.se.ifmo.ru:8080/?token=518472196&&user=-1356113187&config=1,865,0,0
1775999256399,899,HTTP Request 1,200,OK,config 1 1-3,text,false,"The operation lasted too long: It took 899 milliseconds, but should not have lasted longer than 840 milliseconds.",231,168,6,18,http://stload.se.ifmo.ru:8080/?token=518472196&&user=-1356113187&config=1,899,0,0
1775999256731,863,HTTP Request 1,200,OK,config 1 1-4,text,false,"The operation lasted too long: It took 863 milliseconds, but should not have lasted longer than 840 milliseconds.",231,168,6,18,http://stload.se.ifmo.ru:8080/?token=518472196&&user=-1356113187&config=1,863,0,0
1775999257065,848,HTTP Request 1,200,OK,config 1 1-5,text,false,"The operation lasted too long: It took 848 milliseconds, but should not have lasted longer than 840 milliseconds.",231,168,6,18,http://stload.se.ifmo.ru:8080/?token=518472196&&user=-1356113187&config=1,848,0,0
1775999257254,869,HTTP Request 1,200,OK,config 1 1-1,text,false,"The operation lasted too long: It took 869 milliseconds, but should not have lasted longer than 840 milliseconds.",231,168,6,18,http://stload.se.ifmo.ru:8080/?token=518472196&&user=-1356113187&config=1,869,0,0
1775999257398,854,HTTP Request 1,200,OK,config 1 1-6,text,false,"The operation lasted too long: It took 854 milliseconds, but should not have lasted longer than 840 milliseconds.",231,168,6,18,http://stload.se.ifmo.ru:8080/?token=518472196&&user=-1356113187&config=1,854,0,0
1775999257567,850,HTTP Request 1,200,OK,config 1 1-2,text,false,"The operation lasted too long: It took 850 milliseconds, but should not have lasted longer than 840 milliseconds.",231,168,6,18,http://stload.se.ifmo.ru:8080/?token=518472196&&user=-1356113187&config=1,850,0,0
1775999257899,843,HTTP Request 1,200,OK,config 1 1-3,text,false,"The operation lasted too long: It took 843 milliseconds, but should not have lasted longer than 840 milliseconds.",231,168,6,18,http://stload.se.ifmo.ru:8080/?token=518472196&&user=-1356113187&config=1,843,0,0
1775999258231,863,HTTP Request 1,200,OK,config 1 1-4,text,false,"The operation lasted too long: It took 863 milliseconds, but should not have lasted longer than 840 milliseconds.",231,168,6,18,http://stload.se.ifmo.ru:8080/?token=518472196&&user=-1356113187&config=1,863,0,0
1775999258565,860,HTTP Request 1,200,OK,config 1 1-5,text,false,"The operation lasted too long: It took 860 milliseconds, but should not have lasted longer than 840 milliseconds.",231,168,6,18,http://stload.se.ifmo.ru:8080/?token=518472196&&user=-1356113187&config=1,860,0,0
1775999258755,889,HTTP Request 1,200,OK,config 1 1-1,text,false,"The operation lasted too long: It took 889 milliseconds, but should not have lasted longer than 840 milliseconds.",231,168,6,18,http://stload.se.ifmo.ru:8080/?token=518472196&&user=-1356113187&config=1,889,0,0
1775999258898,897,HTTP Request 1,200,OK,config 1 1-6,text,false,"The operation lasted too long: It took 897 milliseconds, but should not have lasted longer than 840 milliseconds.",231,168,6,18,http://stload.se.ifmo.ru:8080/?token=518472196&&user=-1356113187&config=1,897,0,0
1775999259067,879,HTTP Request 1,200,OK,config 1 1-2,text,false,"The operation lasted too long: It took 879 milliseconds, but should not have lasted longer than 840 milliseconds.",231,168,6,18,http://stload.se.ifmo.ru:8080/?token=518472196&&user=-1356113187&config=1,879,0,0
1775999259399,874,HTTP Request 1,200,OK,config 1 1-3,text,false,"The operation lasted too long: It took 874 milliseconds, but should not have lasted longer than 840 milliseconds.",231,168,6,18,http://stload.se.ifmo.ru:8080/?token=518472196&&user=-1356113187&config=1,874,0,0
1775999259731,851,HTTP Request 1,200,OK,config 1 1-4,text,false,"The operation lasted too long: It took 851 milliseconds, but should not have lasted longer than 840 milliseconds.",231,168,6,18,http://stload.se.ifmo.ru:8080/?token=518472196&&user=-1356113187&config=1,851,0,0
1775999260065,848,HTTP Request 1,200,OK,config 1 1-5,text,false,"The operation lasted too long: It took 848 milliseconds, but should not have lasted longer than 840 milliseconds.",231,168,6,16,http://stload.se.ifmo.ru:8080/?token=518472196&&user=-1356113187&config=1,848,0,0
1775999260254,847,HTTP Request 1,200,OK,config 1 1-1,text,false,"The operation lasted too long: It took 847 milliseconds, but should not have lasted longer than 840 milliseconds.",231,168,6,16,http://stload.se.ifmo.ru:8080/?token=518472196&&user=-1356113187&config=1,847,0,0
1775999260398,850,HTTP Request 1,200,OK,config 1 1-6,text,false,"The operation lasted too long: It took 850 milliseconds, but should not have lasted longer than 840 milliseconds.",231,168,5,15,http://stload.se.ifmo.ru:8080/?token=518472196&&user=-1356113187&config=1,850,0,0
1775999260567,859,HTTP Request 1,200,OK,config 1 1-2,text,false,"The operation lasted too long: It took 859 milliseconds, but should not have lasted longer than 840 milliseconds.",231,168,5,15,http://stload.se.ifmo.ru:8080/?token=518472196&&user=-1356113187&config=1,859,0,0
1775999260899,849,HTTP Request 1,200,OK,config 1 1-3,text,false,"The operation lasted too long: It took 849 milliseconds, but should not have lasted longer than 840 milliseconds.",231,168,5,15,http://stload.se.ifmo.ru:8080/?token=518472196&&user=-1356113187&config=1,849,0,0
1775999261231,852,HTTP Request 1,200,OK,config 1 1-4,text,false,"The operation lasted too long: It took 852 milliseconds, but should not have lasted longer than 840 milliseconds.",231,168,5,15,http://stload.se.ifmo.ru:8080/?token=518472196&&user=-1356113187&config=1,852,0,0
1775999261565,929,HTTP Request 1,200,OK,config 1 1-5,text,false,"The operation lasted too long: It took 929 milliseconds, but should not have lasted longer than 840 milliseconds.",231,168,5,15,http://stload.se.ifmo.ru:8080/?token=518472196&&user=-1356113187&config=1,929,0,0
1775999261898,866,HTTP Request 1,200,OK,config 1 1-6,text,false,"The operation lasted too long: It took 866 milliseconds, but should not have lasted longer than 840 milliseconds.",231,168,5,15,http://stload.se.ifmo.ru:8080/?token=518472196&&user=-1356113187&config=1,866,0,0
1775999262067,854,HTTP Request 1,200,OK,config 1 1-2,text,false,"The operation lasted too long: It took 854 milliseconds, but should not have lasted longer than 840 milliseconds.",231,168,5,15,http://stload.se.ifmo.ru:8080/?token=518472196&&user=-1356113187&config=1,854,0,0
1775999262399,839,HTTP Request 1,200,OK,config 1 1-3,text,true,,231,168,5,15,http://stload.se.ifmo.ru:8080/?token=518472196&&user=-1356113187&config=1,839,0,0
1775999262731,858,HTTP Request 1,200,OK,config 1 1-4,text,false,"The operation lasted too long: It took 858 milliseconds, but should not have lasted longer than 840 milliseconds.",231,168,5,15,http://stload.se.ifmo.ru:8080/?token=518472196&&user=-1356113187&config=1,858,0,0
1775999263065,883,HTTP Request 1,200,OK,config 1 1-5,text,false,"The operation lasted too long: It took 883 milliseconds, but should not have lasted longer than 840 milliseconds.",231,168,5,15,http://stload.se.ifmo.ru:8080/?token=518472196&&user=-1356113187&config=1,883,0,0
1775999263398,837,HTTP Request 1,200,OK,config 1 1-6,text,true,,231,168,5,13,http://stload.se.ifmo.ru:8080/?token=518472196&&user=-1356113187&config=1,837,0,0
1775999263567,857,HTTP Request 1,200,OK,config 1 1-2,text,false,"The operation lasted too long: It took 857 milliseconds, but should not have lasted longer than 840 milliseconds.",231,168,5,13,http://stload.se.ifmo.ru:8080/?token=518472196&&user=-1356113187&config=1,857,0,0
1775999263899,859,HTTP Request 1,200,OK,config 1 1-3,text,false,"The operation lasted too long: It took 859 milliseconds, but should not have lasted longer than 840 milliseconds.",231,168,4,12,http://stload.se.ifmo.ru:8080/?token=518472196&&user=-1356113187&config=1,859,0,0
1775999264231,874,HTTP Request 1,200,OK,config 1 1-4,text,false,"The operation lasted too long: It took 874 milliseconds, but should not have lasted longer than 840 milliseconds.",231,168,4,12,http://stload.se.ifmo.ru:8080/?token=518472196&&user=-1356113187&config=1,874,0,0
1775999264565,898,HTTP Request 1,200,OK,config 1 1-5,text,false,"The operation lasted too long: It took 898 milliseconds, but should not have lasted longer than 840 milliseconds.",231,168,4,12,http://stload.se.ifmo.ru:8080/?token=518472196&&user=-1356113187&config=1,898,0,0
1775999264898,846,HTTP Request 1,200,OK,config 1 1-6,text,false,"The operation lasted too long: It took 846 milliseconds, but should not have lasted longer than 840 milliseconds.",231,168,4,12,http://stload.se.ifmo.ru:8080/?token=518472196&&user=-1356113187&config=1,846,0,0
1775999265399,832,HTTP Request 1,200,OK,config 1 1-3,text,true,,231,168,4,12,http://stload.se.ifmo.ru:8080/?token=518472196&&user=-1356113187&config=1,832,0,0
1775999265731,824,HTTP Request 1,200,OK,config 1 1-4,text,true,,231,168,4,12,http://stload.se.ifmo.ru:8080/?token=518472196&&user=-1356113187&config=1,824,0,0
1775999266066,834,HTTP Request 1,200,OK,config 1 1-5,text,true,,231,168,4,12,http://stload.se.ifmo.ru:8080/?token=518472196&&user=-1356113187&config=1,834,0,0
1775999266399,843,HTTP Request 1,200,OK,config 1 1-6,text,false,"The operation lasted too long: It took 843 milliseconds, but should not have lasted longer than 840 milliseconds.",231,168,4,12,http://stload.se.ifmo.ru:8080/?token=518472196&&user=-1356113187&config=1,843,0,0
1775999266899,865,HTTP Request 1,200,OK,config 1 1-3,text,false,"The operation lasted too long: It took 865 milliseconds, but should not have lasted longer than 840 milliseconds.",231,168,4,10,http://stload.se.ifmo.ru:8080/?token=518472196&&user=-1356113187&config=1,865,0,0
1775999267231,835,HTTP Request 1,200,OK,config 1 1-4,text,true,,231,168,3,9,http://stload.se.ifmo.ru:8080/?token=518472196&&user=-1356113187&config=1,835,0,0
1775999267565,858,HTTP Request 1,200,OK,config 1 1-5,text,false,"The operation lasted too long: It took 858 milliseconds, but should not have lasted longer than 840 milliseconds.",231,168,3,9,http://stload.se.ifmo.ru:8080/?token=518472196&&user=-1356113187&config=1,858,0,0
1775999267898,870,HTTP Request 1,200,OK,config 1 1-6,text,false,"The operation lasted too long: It took 870 milliseconds, but should not have lasted longer than 840 milliseconds.",231,168,3,9,http://stload.se.ifmo.ru:8080/?token=518472196&&user=-1356113187&config=1,870,0,0
1775999268731,827,HTTP Request 1,200,OK,config 1 1-4,text,true,,231,168,3,9,http://stload.se.ifmo.ru:8080/?token=518472196&&user=-1356113187&config=1,827,0,0
1775999269066,846,HTTP Request 1,200,OK,config 1 1-5,text,false,"The operation lasted too long: It took 846 milliseconds, but should not have lasted longer than 840 milliseconds.",231,168,3,9,http://stload.se.ifmo.ru:8080/?token=518472196&&user=-1356113187&config=1,846,0,0
1775999269399,801,HTTP Request 1,200,OK,config 1 1-6,text,true,,231,168,3,9,http://stload.se.ifmo.ru:8080/?token=518472196&&user=-1356113187&config=1,801,0,0
1775999270231,818,HTTP Request 1,200,OK,config 1 1-4,text,true,,231,168,3,7,http://stload.se.ifmo.ru:8080/?token=518472196&&user=-1356113187&config=1,818,0,0
1775999270565,805,HTTP Request 1,200,OK,config 1 1-5,text,true,,231,168,2,6,http://stload.se.ifmo.ru:8080/?token=518472196&&user=-1356113187&config=1,805,0,0
1775999270899,789,HTTP Request 1,200,OK,config 1 1-6,text,true,,231,168,2,6,http://stload.se.ifmo.ru:8080/?token=518472196&&user=-1356113187&config=1,789,0,0
1775999272066,817,HTTP Request 1,200,OK,config 1 1-5,text,true,,231,168,2,6,http://stload.se.ifmo.ru:8080/?token=518472196&&user=-1356113187&config=1,817,0,0
1775999272398,796,HTTP Request 1,200,OK,config 1 1-6,text,true,,231,168,2,6,http://stload.se.ifmo.ru:8080/?token=518472196&&user=-1356113187&config=1,796,0,0
1775999273565,781,HTTP Request 1,200,OK,config 1 1-5,text,true,,231,168,2,4,http://stload.se.ifmo.ru:8080/?token=518472196&&user=-1356113187&config=1,781,0,0
1775999273898,818,HTTP Request 1,200,OK,config 1 1-6,text,true,,231,168,1,3,http://stload.se.ifmo.ru:8080/?token=518472196&&user=-1356113187&config=1,818,0,0
1775999275398,770,HTTP Request 1,200,OK,config 1 1-6,text,true,,231,168,1,3,http://stload.se.ifmo.ru:8080/?token=518472196&&user=-1356113187&config=1,770,0,0
1775999276898,752,HTTP Request 1,200,OK,config 1 1-6,text,true,,231,168,1,1,http://stload.se.ifmo.ru:8080/?token=518472196&&user=-1356113187&config=1,752,0,0
